local_government_code,postal_code_5digit,postal_code_7digit,prefecture_kana,address1_kana,address2_kana,prefecture_kanji,address1_kanji,address2_kanji,is_address2_has_multiple_postal_code,is_address2_has_multiple_sublocality,is_address2_includes_chome,is_postal_code_has_multiple_address2,updated_type,updated_reason_type
14402,24301,2430100,ｶﾅｶﾞﾜｹﾝ,ｱｲｺｳｸﾞﾝｷﾖｶﾜﾑﾗ,ｲｶﾆｹｲｻｲｶﾞﾅｲﾊﾞｱｲ,神奈川県,愛甲郡清川村,以下に掲載がない場合,0,0,0,0,0,0
14402,24301,2430111,ｶﾅｶﾞﾜｹﾝ,ｱｲｺｳｸﾞﾝｷﾖｶﾜﾑﾗ,ﾐﾔｶﾞｾ,神奈川県,愛甲郡清川村,宮ヶ瀬,0,0,0,0,0,0
14402,24301,2430112,ｶﾅｶﾞﾜｹﾝ,ｱｲｺｳｸﾞﾝｷﾖｶﾜﾑﾗ,ｽｽｶﾞﾔ(ｿﾉﾀ),神奈川県,愛甲郡清川村,煤ヶ谷（その他）,1,0,0,0,0,0
14212,24301,2430121,ｶﾅｶﾞﾜｹﾝ,ｱﾂｷﾞｼ,ﾅﾅｻﾜ,神奈川県,厚木市,七沢,0,0,0,0,0,0
14212,24301,2430122,ｶﾅｶﾞﾜｹﾝ,ｱﾂｷﾞｼ,ﾓﾘﾉｻﾄ,神奈川県,厚木市,森の里,0,0,1,0,0,0
14212,24301,2430123,ｶﾅｶﾞﾜｹﾝ,ｱﾂｷﾞｼ,ﾓﾘﾉｻﾄｱｵﾔﾏ,神奈川県,厚木市,森の里青山,0,0,0,0,0,0
14212,24301,2430124,ｶﾅｶﾞﾜｹﾝ,ｱﾂｷﾞｼ,ﾓﾘﾉｻﾄﾜｶﾐﾔ,神奈川県,厚木市,森の里若宮,0,0,0,0,0,0
14212,24301,2430125,ｶﾅｶﾞﾜｹﾝ,ｱﾂｷﾞｼ,ｵﾉ,神奈川県,厚木市,小野,0,0,0,0,0,0
14212,24301,2430126,ｶﾅｶﾞﾜｹﾝ,ｱﾂｷﾞｼ,ｵｶﾂｺｸ,神奈川県,厚木市,岡津古久,0,0,0,0,0,0
