[
    {
        "code": "08220",
        "postal_old": "305  ",
        "postal_new": "3050801",
        "pref_kana": "ｲﾊﾞﾗｷｹﾝ",
        "address1_kana": "ﾂｸﾊﾞｼ",
        "address2_kana": "ｵｵﾎ(1-1)",
        "pref": "茨城県",
        "address1": "つくば市",
        "address2": "大穂（１−１）",
        "is_multi_code": "1",
        "is_koaza": "0",
        "is_choume": "0",
        "is_multi_place": "0",
        "is_updated": "0",
        "update_reason": "0"
    },
    {
        "code": "08220",
        "postal_old": "305  ",
        "postal_new": "3050802",
        "pref_kana": "ｲﾊﾞﾗｷｹﾝ",
        "address1_kana": "ﾂｸﾊﾞｼ",
        "address2_kana": "ﾀﾁﾊﾗ(1､2､3)",
        "pref": "茨城県",
        "address1": "つくば市",
        "address2": "立原（１、２、３）",
        "is_multi_code": "1",
        "is_koaza": "0",
        "is_choume": "0",
        "is_multi_place": "0",
        "is_updated": "0",
        "update_reason": "0"
    },
    {
        "code": "08220",
        "postal_old": "305  ",
        "postal_new": "3050803",
        "pref_kana": "ｲﾊﾞﾗｷｹﾝ",
        "address1_kana": "ﾂｸﾊﾞｼ",
        "address2_kana": "ﾐﾅﾐﾊﾗ(2)",
        "pref": "茨城県",
        "address1": "つくば市",
        "address2": "南原（２）",
        "is_multi_code": "1",
        "is_koaza": "0",
        "is_choume": "0",
        "is_multi_place": "0",
        "is_updated": "0",
        "update_reason": "0"
    },
    {
        "code": "08220",
        "postal_old": "305  ",
        "postal_new": "3050804",
        "pref_kana": "ｲﾊﾞﾗｷｹﾝ",
        "address1_kana": "ﾂｸﾊﾞｼ",
        "address2_kana": "ｱｻﾋ(1)",
        "pref": "茨城県",
        "address1": "つくば市",
        "address2": "旭（１）",
        "is_multi_code": "1",
        "is_koaza": "0",
        "is_choume": "0",
        "is_multi_place": "0",
        "is_updated": "0",
        "update_reason": "0"
    },
    {
        "code": "08220",
        "postal_old": "305  ",
        "postal_new": "3050805",
        "pref_kana": "ｲﾊﾞﾗｷｹﾝ",
        "address1_kana": "ﾂｸﾊﾞｼ",
        "address2_kana": "ﾊﾅﾊﾞﾀｹ(1-7-1)",
        "pref": "茨城県",
        "address1": "つくば市",
        "address2": "花畑（１−７−１）",
        "is_multi_code": "1",
        "is_koaza": "0",
        "is_choume": "1",
        "is_multi_place": "0",
        "is_updated": "0",
        "update_reason": "0"
    },
    {
        "code": "08220",
        "postal_old": "305  ",
        "postal_new": "3050811",
        "pref_kana": "ｲﾊﾞﾗｷｹﾝ",
        "address1_kana": "ﾂｸﾊﾞｼ",
        "address2_kana": "ｷﾀｻﾄ",
        "pref": "茨城県",
        "address1": "つくば市",
        "address2": "北郷",
        "is_multi_code": "0",
        "is_koaza": "0",
        "is_choume": "0",
        "is_multi_place": "0",
        "is_updated": "0",
        "update_reason": "0"
    },
    {
        "code": "08220",
        "postal_old": "305  ",
        "postal_new": "3050812",
        "pref_kana": "ｲﾊﾞﾗｷｹﾝ",
        "address1_kana": "ﾂｸﾊﾞｼ",
        "address2_kana": "ﾋｶﾞｼﾋﾗﾂｶ",
        "pref": "茨城県",
        "address1": "つくば市",
        "address2": "東平塚",
        "is_multi_code": "0",
        "is_koaza": "0",
        "is_choume": "0",
        "is_multi_place": "0",
        "is_updated": "0",
        "update_reason": "0"
    },
    {
        "code": "08220",
        "postal_old": "305  ",
        "postal_new": "3050813",
        "pref_kana": "ｲﾊﾞﾗｷｹﾝ",
        "address1_kana": "ﾂｸﾊﾞｼ",
        "address2_kana": "ｼﾓﾋﾗﾂｶ",
        "pref": "茨城県",
        "address1": "つくば市",
        "address2": "下平塚",
        "is_multi_code": "0",
        "is_koaza": "0",
        "is_choume": "0",
        "is_multi_place": "0",
        "is_updated": "0",
        "update_reason": "0"
    },
    {
        "code": "08220",
        "postal_old": "305  ",
        "postal_new": "3050814",
        "pref_kana": "ｲﾊﾞﾗｷｹﾝ",
        "address1_kana": "ﾂｸﾊﾞｼ",
        "address2_kana": "ﾆｼﾋﾗﾂｶ",
        "pref": "茨城県",
        "address1": "つくば市",
        "address2": "西平塚",
        "is_multi_code": "0",
        "is_koaza": "0",
        "is_choume": "0",
        "is_multi_place": "0",
        "is_updated": "0",
        "update_reason": "0"
    },
    {
        "code": "08220",
        "postal_old": "305  ",
        "postal_new": "3050815",
        "pref_kana": "ｲﾊﾞﾗｷｹﾝ",
        "address1_kana": "ﾂｸﾊﾞｼ",
        "address2_kana": "ﾆｼﾊﾗ",
        "pref": "茨城県",
        "address1": "つくば市",
        "address2": "西原",
        "is_multi_code": "0",
        "is_koaza": "0",
        "is_choume": "0",
        "is_multi_place": "0",
        "is_updated": "0",
        "update_reason": "0"
    },
    {
        "code": "08220",
        "postal_old": "305  ",
        "postal_new": "3050816",
        "pref_kana": "ｲﾊﾞﾗｷｹﾝ",
        "address1_kana": "ﾂｸﾊﾞｼ",
        "address2_kana": "ｶﾞｸｴﾝﾉﾓﾘ",
        "pref": "茨城県",
        "address1": "つくば市",
        "address2": "学園の森",
        "is_multi_code": "0",
        "is_koaza": "0",
        "is_choume": "1",
        "is_multi_place": "0",
        "is_updated": "0",
        "update_reason": "0"
    },
    {
        "code": "08220",
        "postal_old": "305  ",
        "postal_new": "3050817",
        "pref_kana": "ｲﾊﾞﾗｷｹﾝ",
        "address1_kana": "ﾂｸﾊﾞｼ",
        "address2_kana": "ｹﾝｷｭｳｶﾞｸｴﾝ",
        "pref": "茨城県",
        "address1": "つくば市",
        "address2": "研究学園",
        "is_multi_code": "0",
        "is_koaza": "0",
        "is_choume": "1",
        "is_multi_place": "0",
        "is_updated": "0",
        "update_reason": "0"
    },
    {
        "code": "08220",
        "postal_old": "305  ",
        "postal_new": "3050818",
        "pref_kana": "ｲﾊﾞﾗｷｹﾝ",
        "address1_kana": "ﾂｸﾊﾞｼ",
        "address2_kana": "ｶﾞｸｴﾝﾐﾅﾐ",
        "pref": "茨城県",
        "address1": "つくば市",
        "address2": "学園南",
        "is_multi_code": "0",
        "is_koaza": "0",
        "is_choume": "1",
        "is_multi_place": "0",
        "is_updated": "0",
        "update_reason": "0"
    },
    {
        "code": "08220",
        "postal_old": "305  ",
        "postal_new": "3050821",
        "pref_kana": "ｲﾊﾞﾗｷｹﾝ",
        "address1_kana": "ﾂｸﾊﾞｼ",
        "address2_kana": "ｶｽｶﾞ",
        "pref": "茨城県",
        "address1": "つくば市",
        "address2": "春日",
        "is_multi_code": "0",
        "is_koaza": "0",
        "is_choume": "1",
        "is_multi_place": "0",
        "is_updated": "0",
        "update_reason": "0"
    },
    {
        "code": "08220",
        "postal_old": "305  ",
        "postal_new": "3050822",
        "pref_kana": "ｲﾊﾞﾗｷｹﾝ",
        "address1_kana": "ﾂｸﾊﾞｼ",
        "address2_kana": "ｶﾘﾏ",
        "pref": "茨城県",
        "address1": "つくば市",
        "address2": "苅間",
        "is_multi_code": "0",
        "is_koaza": "0",
        "is_choume": "0",
        "is_multi_place": "0",
        "is_updated": "0",
        "update_reason": "0"
    },
    {
        "code": "08220",
        "postal_old": "305  ",
        "postal_new": "3050823",
        "pref_kana": "ｲﾊﾞﾗｷｹﾝ",
        "address1_kana": "ﾂｸﾊﾞｼ",
        "address2_kana": "ﾊﾗ",
        "pref": "茨城県",
        "address1": "つくば市",
        "address2": "原",
        "is_multi_code": "0",
        "is_koaza": "0",
        "is_choume": "0",
        "is_multi_place": "0",
        "is_updated": "0",
        "update_reason": "0"
    },
    {
        "code": "08220",
        "postal_old": "305  ",
        "postal_new": "3050824",
        "pref_kana": "ｲﾊﾞﾗｷｹﾝ",
        "address1_kana": "ﾂｸﾊﾞｼ",
        "address2_kana": "ｶﾂﾗｷﾞﾈｻｷ",
        "pref": "茨城県",
        "address1": "つくば市",
        "address2": "葛城根崎",
        "is_multi_code": "0",
        "is_koaza": "0",
        "is_choume": "0",
        "is_multi_place": "0",
        "is_updated": "0",
        "update_reason": "0"
    },
    {
        "code": "08220",
        "postal_old": "305  ",
        "postal_new": "3050831",
        "pref_kana": "ｲﾊﾞﾗｷｹﾝ",
        "address1_kana": "ﾂｸﾊﾞｼ",
        "address2_kana": "ﾆｼｵｵﾊｼ",
        "pref": "茨城県",
        "address1": "つくば市",
        "address2": "西大橋",
        "is_multi_code": "0",
        "is_koaza": "0",
        "is_choume": "0",
        "is_multi_place": "0",
        "is_updated": "0",
        "update_reason": "0"
    },
    {
        "code": "08220",
        "postal_old": "305  ",
        "postal_new": "3050832",
        "pref_kana": "ｲﾊﾞﾗｷｹﾝ",
        "address1_kana": "ﾂｸﾊﾞｼ",
        "address2_kana": "ﾆｼｵｶ",
        "pref": "茨城県",
        "address1": "つくば市",
        "address2": "西岡",
        "is_multi_code": "0",
        "is_koaza": "0",
        "is_choume": "0",
        "is_multi_place": "0",
        "is_updated": "0",
        "update_reason": "0"
    },
    {
        "code": "08220",
        "postal_old": "305  ",
        "postal_new": "3050833",
        "pref_kana": "ｲﾊﾞﾗｷｹﾝ",
        "address1_kana": "ﾂｸﾊﾞｼ",
        "address2_kana": "ｼﾏ",
        "pref": "茨城県",
        "address1": "つくば市",
        "address2": "島",
        "is_multi_code": "0",
        "is_koaza": "0",
        "is_choume": "0",
        "is_multi_place": "0",
        "is_updated": "0",
        "update_reason": "0"
    },
    {
        "code": "08220",
        "postal_old": "305  ",
        "postal_new": "3050834",
        "pref_kana": "ｲﾊﾞﾗｷｹﾝ",
        "address1_kana": "ﾂｸﾊﾞｼ",
        "address2_kana": "ﾃｼﾛｷﾞ",
        "pref": "茨城県",
        "address1": "つくば市",
        "address2": "手代木",
        "is_multi_code": "0",
        "is_koaza": "0",
        "is_choume": "0",
        "is_multi_place": "0",
        "is_updated": "0",
        "update_reason": "0"
    },
    {
        "code": "08220",
        "postal_old": "305  ",
        "postal_new": "3050835",
        "pref_kana": "ｲﾊﾞﾗｷｹﾝ",
        "address1_kana": "ﾂｸﾊﾞｼ",
        "address2_kana": "ｱﾗｲ",
        "pref": "茨城県",
        "address1": "つくば市",
        "address2": "新井",
        "is_multi_code": "0",
        "is_koaza": "0",
        "is_choume": "0",
        "is_multi_place": "0",
        "is_updated": "0",
        "update_reason": "0"
    },
    {
        "code": "08220",
        "postal_old": "305  ",
        "postal_new": "3050836",
        "pref_kana": "ｲﾊﾞﾗｷｹﾝ",
        "address1_kana": "ﾂｸﾊﾞｼ",
        "address2_kana": "ﾔﾏﾅｶ",
        "pref": "茨城県",
        "address1": "つくば市",
        "address2": "山中",
        "is_multi_code": "0",
        "is_koaza": "0",
        "is_choume": "0",
        "is_multi_place": "0",
        "is_updated": "0",
        "update_reason": "0"
    },
    {
        "code": "08220",
        "postal_old": "305  ",
        "postal_new": "3050841",
        "pref_kana": "ｲﾊﾞﾗｷｹﾝ",
        "address1_kana": "ﾂｸﾊﾞｼ",
        "address2_kana": "ﾐﾕｷｶﾞｵｶ",
        "pref": "茨城県",
        "address1": "つくば市",
        "address2": "御幸が丘",
        "is_multi_code": "0",
        "is_koaza": "0",
        "is_choume": "0",
        "is_multi_place": "0",
        "is_updated": "0",
        "update_reason": "0"
    },
    {
        "code": "08220",
        "postal_old": "305  ",
        "postal_new": "3050842",
        "pref_kana": "ｲﾊﾞﾗｷｹﾝ",
        "address1_kana": "ﾂｸﾊﾞｼ",
        "address2_kana": "ﾔｷﾞﾊｼ",
        "pref": "茨城県",
        "address1": "つくば市",
        "address2": "柳橋",
        "is_multi_code": "0",
        "is_koaza": "0",
        "is_choume": "0",
        "is_multi_place": "0",
        "is_updated": "0",
        "update_reason": "0"
    },
    {
        "code": "08220",
        "postal_old": "305  ",
        "postal_new": "3050843",
        "pref_kana": "ｲﾊﾞﾗｷｹﾝ",
        "address1_kana": "ﾂｸﾊﾞｼ",
        "address2_kana": "ﾊﾁﾏﾝﾀﾞｲ",
        "pref": "茨城県",
        "address1": "つくば市",
        "address2": "八幡台",
        "is_multi_code": "0",
        "is_koaza": "0",
        "is_choume": "0",
        "is_multi_place": "0",
        "is_updated": "0",
        "update_reason": "0"
    },
    {
        "code": "08220",
        "postal_old": "305  ",
        "postal_new": "3050844",
        "pref_kana": "ｲﾊﾞﾗｷｹﾝ",
        "address1_kana": "ﾂｸﾊﾞｼ",
        "address2_kana": "ｺｼﾞﾗﾊｻﾞﾏ",
        "pref": "茨城県",
        "address1": "つくば市",
        "address2": "小白硲",
        "is_multi_code": "0",
        "is_koaza": "0",
        "is_choume": "0",
        "is_multi_place": "0",
        "is_updated": "0",
        "update_reason": "0"
    },
    {
        "code": "08220",
        "postal_old": "305  ",
        "postal_new": "3050845",
        "pref_kana": "ｲﾊﾞﾗｷｹﾝ",
        "address1_kana": "ﾂｸﾊﾞｼ",
        "address2_kana": "ｵｵｼﾞﾗﾊｻﾞﾏ",
        "pref": "茨城県",
        "address1": "つくば市",
        "address2": "大白硲",
        "is_multi_code": "0",
        "is_koaza": "0",
        "is_choume": "0",
        "is_multi_place": "0",
        "is_updated": "0",
        "update_reason": "0"
    },
    {
        "code": "08220",
        "postal_old": "305  ",
        "postal_new": "3050846",
        "pref_kana": "ｲﾊﾞﾗｷｹﾝ",
        "address1_kana": "ﾂｸﾊﾞｼ",
        "address2_kana": "ﾀｲﾗ",
        "pref": "茨城県",
        "address1": "つくば市",
        "address2": "平",
        "is_multi_code": "0",
        "is_koaza": "0",
        "is_choume": "0",
        "is_multi_place": "0",
        "is_updated": "0",
        "update_reason": "0"
    },
    {
        "code": "08220",
        "postal_old": "305  ",
        "postal_new": "3050847",
        "pref_kana": "ｲﾊﾞﾗｷｹﾝ",
        "address1_kana": "ﾂｸﾊﾞｼ",
        "address2_kana": "ｼﾞﾝﾊﾞ",
        "pref": "茨城県",
        "address1": "つくば市",
        "address2": "陣場",
        "is_multi_code": "0",
        "is_koaza": "0",
        "is_choume": "0",
        "is_multi_place": "0",
        "is_updated": "0",
        "update_reason": "0"
    },
    {
        "code": "08220",
        "postal_old": "305  ",
        "postal_new": "3050851",
        "pref_kana": "ｲﾊﾞﾗｷｹﾝ",
        "address1_kana": "ﾂｸﾊﾞｼ",
        "address2_kana": "ｵｵﾜｼ",
        "pref": "茨城県",
        "address1": "つくば市",
        "address2": "大わし",
        "is_multi_code": "0",
        "is_koaza": "0",
        "is_choume": "0",
        "is_multi_place": "0",
        "is_updated": "0",
        "update_reason": "0"
    },
    {
        "code": "08220",
        "postal_old": "305  ",
        "postal_new": "3050852",
        "pref_kana": "ｲﾊﾞﾗｷｹﾝ",
        "address1_kana": "ﾂｸﾊﾞｼ",
        "address2_kana": "ﾌｼﾞﾓﾄ",
        "pref": "茨城県",
        "address1": "つくば市",
        "address2": "藤本",
        "is_multi_code": "0",
        "is_koaza": "0",
        "is_choume": "0",
        "is_multi_place": "0",
        "is_updated": "0",
        "update_reason": "0"
    },
    {
        "code": "08220",
        "postal_old": "305  ",
        "postal_new": "30508",
        "pref_kana": null,
        "address1_kana": null,
        "address2_kana": null,
        "pref": null,
        "address1": null,
        "address2": null,
        "is_multi_code": null,
        "is_koaza": null,
        "is_choume": null,
        "is_multi_place": null,
        "is_updated": null,
        "update_reason": null
    }
]