[
    {
        "local_government_code": "07402",
        "postal_code_5digit": "96604",
        "postal_code_7digit": "9660400",
        "prefecture_kana": "ﾌｸｼﾏｹﾝ",
        "address1_kana": "ﾔﾏｸﾞﾝｷﾀｼｵﾊﾞﾗﾑﾗ",
        "address2_kana": "ｲｶﾆｹｲｻｲｶﾞﾅｲﾊﾞｱｲ",
        "prefecture_kanji": "福島県",
        "address1_kanji": "耶麻郡北塩原村",
        "address2_kanji": "以下に掲載がない場合",
        "is_address2_has_multiple_postal_code": "0",
        "is_address2_has_multiple_sublocality": "0",
        "is_address2_includes_chome": "0",
        "is_postal_code_has_multiple_address2": "0",
        "updated_type": "0",
        "updated_reason_type": "0"
    },
    {
        "local_government_code": "07402",
        "postal_code_5digit": "96604",
        "postal_code_7digit": "9660401",
        "prefecture_kana": "ﾌｸｼﾏｹﾝ",
        "address1_kana": "ﾔﾏｸﾞﾝｷﾀｼｵﾊﾞﾗﾑﾗ",
        "address2_kana": "ﾋﾊﾞﾗ(ｵｼｻﾞﾜ､ｵｼｻﾞﾜﾊﾗ､ﾎｿﾉ､ﾐﾅﾐｵｳﾚﾝｻﾜ､ﾐﾅﾐｵｳﾚﾝｻﾜﾔﾏ､ｵｳﾚﾝｻﾜﾔﾏ､ｵｳﾚﾝﾊﾗﾔﾏ)",
        "prefecture_kanji": "福島県",
        "address1_kanji": "耶麻郡北塩原村",
        "address2_kanji": "桧原（雄子沢、雄子沢原、細野、南黄連沢、南黄連沢山、黄連沢山、黄連原山）",
        "is_address2_has_multiple_postal_code": "1",
        "is_address2_has_multiple_sublocality": "1",
        "is_address2_includes_chome": "0",
        "is_postal_code_has_multiple_address2": "0",
        "updated_type": "0",
        "updated_reason_type": "0"
    },
    {
        "local_government_code": "07402",
        "postal_code_5digit": "96604",
        "postal_code_7digit": "9660402",
        "prefecture_kana": "ﾌｸｼﾏｹﾝ",
        "address1_kana": "ﾔﾏｸﾞﾝｷﾀｼｵﾊﾞﾗﾑﾗ",
        "address2_kana": "ｵｵｼｵ",
        "prefecture_kanji": "福島県",
        "address1_kanji": "耶麻郡北塩原村",
        "address2_kanji": "大塩",
        "is_address2_has_multiple_postal_code": "0",
        "is_address2_has_multiple_sublocality": "1",
        "is_address2_includes_chome": "0",
        "is_postal_code_has_multiple_address2": "0",
        "updated_type": "0",
        "updated_reason_type": "0"
    },
    {
        "local_government_code": "07402",
        "postal_code_5digit": "96604",
        "postal_code_7digit": "9660403",
        "prefecture_kana": "ﾌｸｼﾏｹﾝ",
        "address1_kana": "ﾔﾏｸﾞﾝｷﾀｼｵﾊﾞﾗﾑﾗ",
        "address2_kana": "ｾｷﾔ",
        "prefecture_kanji": "福島県",
        "address1_kanji": "耶麻郡北塩原村",
        "address2_kanji": "関屋",
        "is_address2_has_multiple_postal_code": "0",
        "is_address2_has_multiple_sublocality": "1",
        "is_address2_includes_chome": "0",
        "is_postal_code_has_multiple_address2": "0",
        "updated_type": "0",
        "updated_reason_type": "0"
    },
    {
        "local_government_code": "07402",
        "postal_code_5digit": "96604",
        "postal_code_7digit": "9660404",
        "prefecture_kana": "ﾌｸｼﾏｹﾝ",
        "address1_kana": "ﾔﾏｸﾞﾝｷﾀｼｵﾊﾞﾗﾑﾗ",
        "address2_kana": "ｷﾀﾔﾏ",
        "prefecture_kanji": "福島県",
        "address1_kanji": "耶麻郡北塩原村",
        "address2_kanji": "北山",
        "is_address2_has_multiple_postal_code": "0",
        "is_address2_has_multiple_sublocality": "1",
        "is_address2_includes_chome": "0",
        "is_postal_code_has_multiple_address2": "0",
        "updated_type": "0",
        "updated_reason_type": "0"
    },
    {
        "local_government_code": "07402",
        "postal_code_5digit": "96604",
        "postal_code_7digit": "9660405",
        "prefecture_kana": "ﾌｸｼﾏｹﾝ",
        "address1_kana": "ﾔﾏｸﾞﾝｷﾀｼｵﾊﾞﾗﾑﾗ",
        "address2_kana": "ｼﾓﾖｼ",
        "prefecture_kanji": "福島県",
        "address1_kanji": "耶麻郡北塩原村",
        "address2_kanji": "下吉",
        "is_address2_has_multiple_postal_code": "0",
        "is_address2_has_multiple_sublocality": "1",
        "is_address2_includes_chome": "0",
        "is_postal_code_has_multiple_address2": "0",
        "updated_type": "0",
        "updated_reason_type": "0"
    }
]