[
    {
        "local_government_code": "01661",
        "postal_code_5digit": "08806",
        "postal_code_7digit": "0880600",
        "prefecture_kana": "ﾎｯｶｲﾄﾞｳ",
        "address1_kana": "ｸｼﾛｸﾞﾝｸｼﾛﾁｮｳ",
        "address2_kana": "ｲｶﾆｹｲｻｲｶﾞﾅｲﾊﾞｱｲ",
        "prefecture_kanji": "北海道",
        "address1_kanji": "釧路郡釧路町",
        "address2_kanji": "以下に掲載がない場合",
        "is_address2_has_multiple_postal_code": "0",
        "is_address2_has_multiple_sublocality": "0",
        "is_address2_includes_chome": "0",
        "is_postal_code_has_multiple_address2": "0",
        "updated_type": "0",
        "updated_reason_type": "0"
    },
    {
        "local_government_code": "01661",
        "postal_code_5digit": "08806",
        "postal_code_7digit": "0880601",
        "prefecture_kana": "ﾎｯｶｲﾄﾞｳ",
        "address1_kana": "ｸｼﾛｸﾞﾝｸｼﾛﾁｮｳ",
        "address2_kana": "ｶﾐﾍﾞｯﾎﾟｹﾞﾝﾔ",
        "prefecture_kanji": "北海道",
        "address1_kanji": "釧路郡釧路町",
        "address2_kanji": "上別保原野",
        "is_address2_has_multiple_postal_code": "0",
        "is_address2_has_multiple_sublocality": "0",
        "is_address2_includes_chome": "0",
        "is_postal_code_has_multiple_address2": "0",
        "updated_type": "0",
        "updated_reason_type": "0"
    },
    {
        "local_government_code": "01661",
        "postal_code_5digit": "08806",
        "postal_code_7digit": "0880602",
        "prefecture_kana": "ﾎｯｶｲﾄﾞｳ",
        "address1_kana": "ｸｼﾛｸﾞﾝｸｼﾛﾁｮｳ",
        "address2_kana": "ﾍﾞｯﾎﾟﾋｶﾞｼ",
        "prefecture_kanji": "北海道",
        "address1_kanji": "釧路郡釧路町",
        "address2_kanji": "別保東",
        "is_address2_has_multiple_postal_code": "0",
        "is_address2_has_multiple_sublocality": "0",
        "is_address2_includes_chome": "1",
        "is_postal_code_has_multiple_address2": "0",
        "updated_type": "0",
        "updated_reason_type": "0"
    },
    {
        "local_government_code": "01661",
        "postal_code_5digit": "08806",
        "postal_code_7digit": "0880603",
        "prefecture_kana": "ﾎｯｶｲﾄﾞｳ",
        "address1_kana": "ｸｼﾛｸﾞﾝｸｼﾛﾁｮｳ",
        "address2_kana": "ﾍﾞｯﾎﾟﾐﾅﾐ",
        "prefecture_kanji": "北海道",
        "address1_kanji": "釧路郡釧路町",
        "address2_kanji": "別保南",
        "is_address2_has_multiple_postal_code": "0",
        "is_address2_has_multiple_sublocality": "0",
        "is_address2_includes_chome": "1",
        "is_postal_code_has_multiple_address2": "0",
        "updated_type": "0",
        "updated_reason_type": "0"
    },
    {
        "local_government_code": "01661",
        "postal_code_5digit": "08806",
        "postal_code_7digit": "0880604",
        "prefecture_kana": "ﾎｯｶｲﾄﾞｳ",
        "address1_kana": "ｸｼﾛｸﾞﾝｸｼﾛﾁｮｳ",
        "address2_kana": "ﾍﾞｯﾎﾟ",
        "prefecture_kanji": "北海道",
        "address1_kanji": "釧路郡釧路町",
        "address2_kanji": "別保",
        "is_address2_has_multiple_postal_code": "0",
        "is_address2_has_multiple_sublocality": "0",
        "is_address2_includes_chome": "1",
        "is_postal_code_has_multiple_address2": "0",
        "updated_type": "0",
        "updated_reason_type": "0"
    },
    {
        "local_government_code": "01661",
        "postal_code_5digit": "08806",
        "postal_code_7digit": "0880605",
        "prefecture_kana": "ﾎｯｶｲﾄﾞｳ",
        "address1_kana": "ｸｼﾛｸﾞﾝｸｼﾛﾁｮｳ",
        "address2_kana": "ﾍﾞｯﾎﾟｹﾞﾝﾔ",
        "prefecture_kanji": "北海道",
        "address1_kanji": "釧路郡釧路町",
        "address2_kanji": "別保原野",
        "is_address2_has_multiple_postal_code": "0",
        "is_address2_has_multiple_sublocality": "0",
        "is_address2_includes_chome": "0",
        "is_postal_code_has_multiple_address2": "0",
        "updated_type": "0",
        "updated_reason_type": "0"
    },
    {
        "local_government_code": "01661",
        "postal_code_5digit": "08806",
        "postal_code_7digit": "0880606",
        "prefecture_kana": "ﾎｯｶｲﾄﾞｳ",
        "address1_kana": "ｸｼﾛｸﾞﾝｸｼﾛﾁｮｳ",
        "address2_kana": "ﾁｭｳｵｳ",
        "prefecture_kanji": "北海道",
        "address1_kanji": "釧路郡釧路町",
        "address2_kanji": "中央",
        "is_address2_has_multiple_postal_code": "0",
        "is_address2_has_multiple_sublocality": "0",
        "is_address2_includes_chome": "1",
        "is_postal_code_has_multiple_address2": "0",
        "updated_type": "0",
        "updated_reason_type": "0"
    },
    {
        "local_government_code": "01661",
        "postal_code_5digit": "08806",
        "postal_code_7digit": "0880607",
        "prefecture_kana": "ﾎｯｶｲﾄﾞｳ",
        "address1_kana": "ｸｼﾛｸﾞﾝｸｼﾛﾁｮｳ",
        "address2_kana": "ﾄｺﾀﾝ",
        "prefecture_kanji": "北海道",
        "address1_kanji": "釧路郡釧路町",
        "address2_kanji": "床丹",
        "is_address2_has_multiple_postal_code": "0",
        "is_address2_has_multiple_sublocality": "0",
        "is_address2_includes_chome": "0",
        "is_postal_code_has_multiple_address2": "0",
        "updated_type": "0",
        "updated_reason_type": "0"
    },
    {
        "local_government_code": "01661",
        "postal_code_5digit": "08806",
        "postal_code_7digit": "0880608",
        "prefecture_kana": "ﾎｯｶｲﾄﾞｳ",
        "address1_kana": "ｸｼﾛｸﾞﾝｸｼﾛﾁｮｳ",
        "address2_kana": "ｾﾝﾎﾞｳﾀﾞｲ",
        "prefecture_kanji": "北海道",
        "address1_kanji": "釧路郡釧路町",
        "address2_kanji": "釧望台",
        "is_address2_has_multiple_postal_code": "0",
        "is_address2_has_multiple_sublocality": "0",
        "is_address2_includes_chome": "1",
        "is_postal_code_has_multiple_address2": "0",
        "updated_type": "0",
        "updated_reason_type": "0"
    },
    {
        "local_government_code": "01661",
        "postal_code_5digit": "08806",
        "postal_code_7digit": "0880609",
        "prefecture_kana": "ﾎｯｶｲﾄﾞｳ",
        "address1_kana": "ｸｼﾛｸﾞﾝｸｼﾛﾁｮｳ",
        "address2_kana": "ｷｮｳﾜ",
        "prefecture_kanji": "北海道",
        "address1_kanji": "釧路郡釧路町",
        "address2_kanji": "共和",
        "is_address2_has_multiple_postal_code": "0",
        "is_address2_has_multiple_sublocality": "0",
        "is_address2_includes_chome": "0",
        "is_postal_code_has_multiple_address2": "0",
        "updated_type": "0",
        "updated_reason_type": "0"
    },
    {
        "local_government_code": "01661",
        "postal_code_5digit": "08806",
        "postal_code_7digit": "0880611",
        "prefecture_kana": "ﾎｯｶｲﾄﾞｳ",
        "address1_kana": "ｸｼﾛｸﾞﾝｸｼﾛﾁｮｳ",
        "address2_kana": "ﾄﾖﾐ",
        "prefecture_kanji": "北海道",
        "address1_kanji": "釧路郡釧路町",
        "address2_kanji": "豊美",
        "is_address2_has_multiple_postal_code": "0",
        "is_address2_has_multiple_sublocality": "0",
        "is_address2_includes_chome": "1",
        "is_postal_code_has_multiple_address2": "0",
        "updated_type": "0",
        "updated_reason_type": "0"
    },
    {
        "local_government_code": "01661",
        "postal_code_5digit": "08806",
        "postal_code_7digit": "0880612",
        "prefecture_kana": "ﾎｯｶｲﾄﾞｳ",
        "address1_kana": "ｸｼﾛｸﾞﾝｸｼﾛﾁｮｳ",
        "address2_kana": "ｶﾘｷ",
        "prefecture_kanji": "北海道",
        "address1_kanji": "釧路郡釧路町",
        "address2_kanji": "雁来",
        "is_address2_has_multiple_postal_code": "0",
        "is_address2_has_multiple_sublocality": "0",
        "is_address2_includes_chome": "0",
        "is_postal_code_has_multiple_address2": "0",
        "updated_type": "0",
        "updated_reason_type": "0"
    },
    {
        "local_government_code": "01661",
        "postal_code_5digit": "08806",
        "postal_code_7digit": "0880613",
        "prefecture_kana": "ﾎｯｶｲﾄﾞｳ",
        "address1_kana": "ｸｼﾛｸﾞﾝｸｼﾛﾁｮｳ",
        "address2_kana": "ﾜｶﾊﾞ",
        "prefecture_kanji": "北海道",
        "address1_kanji": "釧路郡釧路町",
        "address2_kanji": "若葉",
        "is_address2_has_multiple_postal_code": "0",
        "is_address2_has_multiple_sublocality": "0",
        "is_address2_includes_chome": "1",
        "is_postal_code_has_multiple_address2": "0",
        "updated_type": "0",
        "updated_reason_type": "0"
    },
    {
        "local_government_code": "01661",
        "postal_code_5digit": "08806",
        "postal_code_7digit": "0880614",
        "prefecture_kana": "ﾎｯｶｲﾄﾞｳ",
        "address1_kana": "ｸｼﾛｸﾞﾝｸｼﾛﾁｮｳ",
        "address2_kana": "ｺｸﾖ",
        "prefecture_kanji": "北海道",
        "address1_kanji": "釧路郡釧路町",
        "address2_kanji": "国誉",
        "is_address2_has_multiple_postal_code": "0",
        "is_address2_has_multiple_sublocality": "0",
        "is_address2_includes_chome": "1",
        "is_postal_code_has_multiple_address2": "0",
        "updated_type": "0",
        "updated_reason_type": "0"
    },
    {
        "local_government_code": "01661",
        "postal_code_5digit": "08806",
        "postal_code_7digit": "0880615",
        "prefecture_kana": "ﾎｯｶｲﾄﾞｳ",
        "address1_kana": "ｸｼﾛｸﾞﾝｸｼﾛﾁｮｳ",
        "address2_kana": "ﾑﾂﾐ",
        "prefecture_kanji": "北海道",
        "address1_kanji": "釧路郡釧路町",
        "address2_kanji": "睦",
        "is_address2_has_multiple_postal_code": "0",
        "is_address2_has_multiple_sublocality": "0",
        "is_address2_includes_chome": "1",
        "is_postal_code_has_multiple_address2": "0",
        "updated_type": "0",
        "updated_reason_type": "0"
    },
    {
        "local_government_code": "01661",
        "postal_code_5digit": "08806",
        "postal_code_7digit": "0880616",
        "prefecture_kana": "ﾎｯｶｲﾄﾞｳ",
        "address1_kana": "ｸｼﾛｸﾞﾝｸｼﾛﾁｮｳ",
        "address2_kana": "ｱｹﾎﾞﾉ",
        "prefecture_kanji": "北海道",
        "address1_kanji": "釧路郡釧路町",
        "address2_kanji": "曙",
        "is_address2_has_multiple_postal_code": "0",
        "is_address2_has_multiple_sublocality": "0",
        "is_address2_includes_chome": "1",
        "is_postal_code_has_multiple_address2": "0",
        "updated_type": "0",
        "updated_reason_type": "0"
    },
    {
        "local_government_code": "01661",
        "postal_code_5digit": "08806",
        "postal_code_7digit": "0880617",
        "prefecture_kana": "ﾎｯｶｲﾄﾞｳ",
        "address1_kana": "ｸｼﾛｸﾞﾝｸｼﾛﾁｮｳ",
        "address2_kana": "ﾎｸﾄ",
        "prefecture_kanji": "北海道",
        "address1_kanji": "釧路郡釧路町",
        "address2_kanji": "北都",
        "is_address2_has_multiple_postal_code": "0",
        "is_address2_has_multiple_sublocality": "0",
        "is_address2_includes_chome": "1",
        "is_postal_code_has_multiple_address2": "0",
        "updated_type": "0",
        "updated_reason_type": "0"
    },
    {
        "local_government_code": "01661",
        "postal_code_5digit": "08806",
        "postal_code_7digit": "0880618",
        "prefecture_kana": "ﾎｯｶｲﾄﾞｳ",
        "address1_kana": "ｸｼﾛｸﾞﾝｸｼﾛﾁｮｳ",
        "address2_kana": "ﾄﾐﾊﾗ",
        "prefecture_kanji": "北海道",
        "address1_kanji": "釧路郡釧路町",
        "address2_kanji": "富原",
        "is_address2_has_multiple_postal_code": "0",
        "is_address2_has_multiple_sublocality": "0",
        "is_address2_includes_chome": "0",
        "is_postal_code_has_multiple_address2": "0",
        "updated_type": "0",
        "updated_reason_type": "0"
    },
    {
        "local_government_code": "01661",
        "postal_code_5digit": "08806",
        "postal_code_7digit": "0880621",
        "prefecture_kana": "ﾎｯｶｲﾄﾞｳ",
        "address1_kana": "ｸｼﾛｸﾞﾝｸｼﾛﾁｮｳ",
        "address2_kana": "ｶﾂﾗｷﾞ",
        "prefecture_kanji": "北海道",
        "address1_kanji": "釧路郡釧路町",
        "address2_kanji": "桂木",
        "is_address2_has_multiple_postal_code": "0",
        "is_address2_has_multiple_sublocality": "0",
        "is_address2_includes_chome": "1",
        "is_postal_code_has_multiple_address2": "0",
        "updated_type": "0",
        "updated_reason_type": "0"
    },
    {
        "local_government_code": "01661",
        "postal_code_5digit": "08806",
        "postal_code_7digit": "0880622",
        "prefecture_kana": "ﾎｯｶｲﾄﾞｳ",
        "address1_kana": "ｸｼﾛｸﾞﾝｸｼﾛﾁｮｳ",
        "address2_kana": "ｷﾊﾞ",
        "prefecture_kanji": "北海道",
        "address1_kanji": "釧路郡釧路町",
        "address2_kanji": "木場",
        "is_address2_has_multiple_postal_code": "0",
        "is_address2_has_multiple_sublocality": "0",
        "is_address2_includes_chome": "1",
        "is_postal_code_has_multiple_address2": "0",
        "updated_type": "0",
        "updated_reason_type": "0"
    },
    {
        "local_government_code": "01661",
        "postal_code_5digit": "08806",
        "postal_code_7digit": "0880623",
        "prefecture_kana": "ﾎｯｶｲﾄﾞｳ",
        "address1_kana": "ｸｼﾛｸﾞﾝｸｼﾛﾁｮｳ",
        "address2_kana": "ｺｳﾜ",
        "prefecture_kanji": "北海道",
        "address1_kanji": "釧路郡釧路町",
        "address2_kanji": "光和",
        "is_address2_has_multiple_postal_code": "0",
        "is_address2_has_multiple_sublocality": "0",
        "is_address2_includes_chome": "1",
        "is_postal_code_has_multiple_address2": "0",
        "updated_type": "0",
        "updated_reason_type": "0"
    },
    {
        "local_government_code": "01661",
        "postal_code_5digit": "08806",
        "postal_code_7digit": "0880624",
        "prefecture_kana": "ﾎｯｶｲﾄﾞｳ",
        "address1_kana": "ｸｼﾛｸﾞﾝｸｼﾛﾁｮｳ",
        "address2_kana": "ｼﾝｶｲ",
        "prefecture_kanji": "北海道",
        "address1_kanji": "釧路郡釧路町",
        "address2_kanji": "新開",
        "is_address2_has_multiple_postal_code": "0",
        "is_address2_has_multiple_sublocality": "0",
        "is_address2_includes_chome": "1",
        "is_postal_code_has_multiple_address2": "0",
        "updated_type": "0",
        "updated_reason_type": "0"
    },
    {
        "local_government_code": "01661",
        "postal_code_5digit": "08806",
        "postal_code_7digit": "0880625",
        "prefecture_kana": "ﾎｯｶｲﾄﾞｳ",
        "address1_kana": "ｸｼﾛｸﾞﾝｸｼﾛﾁｮｳ",
        "address2_kana": "ｷﾀﾐﾀﾞﾝﾁ",
        "prefecture_kanji": "北海道",
        "address1_kanji": "釧路郡釧路町",
        "address2_kanji": "北見団地",
        "is_address2_has_multiple_postal_code": "0",
        "is_address2_has_multiple_sublocality": "0",
        "is_address2_includes_chome": "1",
        "is_postal_code_has_multiple_address2": "0",
        "updated_type": "0",
        "updated_reason_type": "0"
    },
    {
        "local_government_code": "01661",
        "postal_code_5digit": "08806",
        "postal_code_7digit": "0880626",
        "prefecture_kana": "ﾎｯｶｲﾄﾞｳ",
        "address1_kana": "ｸｼﾛｸﾞﾝｸｼﾛﾁｮｳ",
        "address2_kana": "ｶﾂﾗ",
        "prefecture_kanji": "北海道",
        "address1_kanji": "釧路郡釧路町",
        "address2_kanji": "桂",
        "is_address2_has_multiple_postal_code": "0",
        "is_address2_has_multiple_sublocality": "0",
        "is_address2_includes_chome": "1",
        "is_postal_code_has_multiple_address2": "0",
        "updated_type": "0",
        "updated_reason_type": "0"
    },
    {
        "local_government_code": "01661",
        "postal_code_5digit": "08806",
        "postal_code_7digit": "0880627",
        "prefecture_kana": "ﾎｯｶｲﾄﾞｳ",
        "address1_kana": "ｸｼﾛｸﾞﾝｸｼﾛﾁｮｳ",
        "address2_kana": "ﾄｳﾖｳﾆｼ",
        "prefecture_kanji": "北海道",
        "address1_kanji": "釧路郡釧路町",
        "address2_kanji": "東陽西",
        "is_address2_has_multiple_postal_code": "0",
        "is_address2_has_multiple_sublocality": "0",
        "is_address2_includes_chome": "1",
        "is_postal_code_has_multiple_address2": "0",
        "updated_type": "0",
        "updated_reason_type": "0"
    },
    {
        "local_government_code": "01661",
        "postal_code_5digit": "08806",
        "postal_code_7digit": "0880628",
        "prefecture_kana": "ﾎｯｶｲﾄﾞｳ",
        "address1_kana": "ｸｼﾛｸﾞﾝｸｼﾛﾁｮｳ",
        "address2_kana": "ﾄｳﾖｳｵｵﾄﾞｵﾘﾆｼ",
        "prefecture_kanji": "北海道",
        "address1_kanji": "釧路郡釧路町",
        "address2_kanji": "東陽大通西",
        "is_address2_has_multiple_postal_code": "0",
        "is_address2_has_multiple_sublocality": "0",
        "is_address2_includes_chome": "1",
        "is_postal_code_has_multiple_address2": "0",
        "updated_type": "0",
        "updated_reason_type": "0"
    }
]