[
    {
        "code": "08220",
        "postal_old": "30033",
        "postal_new": "3002611",
        "pref_kana": "ｲﾊﾞﾗｷｹﾝ",
        "address1_kana": "ﾂｸﾊﾞｼ",
        "address2_kana": "ｵｵｸﾎﾞ",
        "pref": "茨城県",
        "address1": "つくば市",
        "address2": "大久保",
        "is_multi_code": "0",
        "is_koaza": "0",
        "is_choume": "0",
        "is_multi_place": "0",
        "is_updated": "0",
        "update_reason": "0"
    },
    {
        "code": "08220",
        "postal_old": "30033",
        "postal_new": "3002612",
        "pref_kana": "ｲﾊﾞﾗｷｹﾝ",
        "address1_kana": "ﾂｸﾊﾞｼ",
        "address2_kana": "ｵｵｽﾅ",
        "pref": "茨城県",
        "address1": "つくば市",
        "address2": "大砂",
        "is_multi_code": "0",
        "is_koaza": "0",
        "is_choume": "0",
        "is_multi_place": "0",
        "is_updated": "0",
        "update_reason": "0"
    },
    {
        "code": "08220",
        "postal_old": "30033",
        "postal_new": "3002613",
        "pref_kana": "ｲﾊﾞﾗｷｹﾝ",
        "address1_kana": "ﾂｸﾊﾞｼ",
        "address2_kana": "ﾆｼｺﾞｳﾔ",
        "pref": "茨城県",
        "address1": "つくば市",
        "address2": "西高野",
        "is_multi_code": "0",
        "is_koaza": "0",
        "is_choume": "0",
        "is_multi_place": "0",
        "is_updated": "0",
        "update_reason": "0"
    },
    {
        "code": "08220",
        "postal_old": "30033",
        "postal_new": "3002614",
        "pref_kana": "ｲﾊﾞﾗｷｹﾝ",
        "address1_kana": "ﾂｸﾊﾞｼ",
        "address2_kana": "ｶﾐｻﾄ",
        "pref": "茨城県",
        "address1": "つくば市",
        "address2": "上里",
        "is_multi_code": "0",
        "is_koaza": "0",
        "is_choume": "0",
        "is_multi_place": "0",
        "is_updated": "0",
        "update_reason": "0"
    },
    {
        "code": "08220",
        "postal_old": "30033",
        "postal_new": "3002615",
        "pref_kana": "ｲﾊﾞﾗｷｹﾝ",
        "address1_kana": "ﾂｸﾊﾞｼ",
        "address2_kana": "ﾀｸﾗ",
        "pref": "茨城県",
        "address1": "つくば市",
        "address2": "田倉",
        "is_multi_code": "0",
        "is_koaza": "0",
        "is_choume": "0",
        "is_multi_place": "0",
        "is_updated": "0",
        "update_reason": "0"
    },
    {
        "code": "08220",
        "postal_old": "30033",
        "postal_new": "3002616",
        "pref_kana": "ｲﾊﾞﾗｷｹﾝ",
        "address1_kana": "ﾂｸﾊﾞｼ",
        "address2_kana": "ｺﾞﾆﾝｳｹ",
        "pref": "茨城県",
        "address1": "つくば市",
        "address2": "五人受",
        "is_multi_code": "0",
        "is_koaza": "0",
        "is_choume": "0",
        "is_multi_place": "0",
        "is_updated": "0",
        "update_reason": "0"
    },
    {
        "code": "08220",
        "postal_old": "30033",
        "postal_new": "3002617",
        "pref_kana": "ｲﾊﾞﾗｷｹﾝ",
        "address1_kana": "ﾂｸﾊﾞｼ",
        "address2_kana": "ﾖｼﾇﾏ",
        "pref": "茨城県",
        "address1": "つくば市",
        "address2": "吉沼",
        "is_multi_code": "0",
        "is_koaza": "0",
        "is_choume": "0",
        "is_multi_place": "0",
        "is_updated": "0",
        "update_reason": "0"
    },
    {
        "code": "08220",
        "postal_old": "30026",
        "postal_new": "3002621",
        "pref_kana": "ｲﾊﾞﾗｷｹﾝ",
        "address1_kana": "ﾂｸﾊﾞｼ",
        "address2_kana": "ﾐﾅﾐﾊﾗ(ｿﾉﾀ)",
        "pref": "茨城県",
        "address1": "つくば市",
        "address2": "南原（その他）",
        "is_multi_code": "1",
        "is_koaza": "0",
        "is_choume": "0",
        "is_multi_place": "0",
        "is_updated": "0",
        "update_reason": "0"
    },
    {
        "code": "08220",
        "postal_old": "30026",
        "postal_new": "3002622",
        "pref_kana": "ｲﾊﾞﾗｷｹﾝ",
        "address1_kana": "ﾂｸﾊﾞｼ",
        "address2_kana": "ｶﾅﾒ",
        "pref": "茨城県",
        "address1": "つくば市",
        "address2": "要",
        "is_multi_code": "0",
        "is_koaza": "1",
        "is_choume": "0",
        "is_multi_place": "0",
        "is_updated": "0",
        "update_reason": "0"
    },
    {
        "code": "08220",
        "postal_old": "30026",
        "postal_new": "3002623",
        "pref_kana": "ｲﾊﾞﾗｷｹﾝ",
        "address1_kana": "ﾂｸﾊﾞｼ",
        "address2_kana": "ﾎﾝｻﾞﾜ",
        "pref": "茨城県",
        "address1": "つくば市",
        "address2": "本沢",
        "is_multi_code": "0",
        "is_koaza": "0",
        "is_choume": "0",
        "is_multi_place": "0",
        "is_updated": "0",
        "update_reason": "0"
    },
    {
        "code": "08220",
        "postal_old": "30026",
        "postal_new": "3002624",
        "pref_kana": "ｲﾊﾞﾗｷｹﾝ",
        "address1_kana": "ﾂｸﾊﾞｼ",
        "address2_kana": "ﾆｼｻﾞﾜ",
        "pref": "茨城県",
        "address1": "つくば市",
        "address2": "西沢",
        "is_multi_code": "0",
        "is_koaza": "0",
        "is_choume": "0",
        "is_multi_place": "0",
        "is_updated": "0",
        "update_reason": "0"
    },
    {
        "code": "08220",
        "postal_old": "30026",
        "postal_new": "3002631",
        "pref_kana": "ｲﾊﾞﾗｷｹﾝ",
        "address1_kana": "ﾂｸﾊﾞｼ",
        "address2_kana": "ﾇﾏｻﾞｷ",
        "pref": "茨城県",
        "address1": "つくば市",
        "address2": "沼崎",
        "is_multi_code": "0",
        "is_koaza": "0",
        "is_choume": "0",
        "is_multi_place": "0",
        "is_updated": "0",
        "update_reason": "0"
    },
    {
        "code": "08220",
        "postal_old": "30026",
        "postal_new": "3002632",
        "pref_kana": "ｲﾊﾞﾗｷｹﾝ",
        "address1_kana": "ﾂｸﾊﾞｼ",
        "address2_kana": "ｱｻﾋ(ｿﾉﾀ)",
        "pref": "茨城県",
        "address1": "つくば市",
        "address2": "旭（その他）",
        "is_multi_code": "1",
        "is_koaza": "0",
        "is_choume": "0",
        "is_multi_place": "0",
        "is_updated": "0",
        "update_reason": "0"
    },
    {
        "code": "08220",
        "postal_old": "30026",
        "postal_new": "3002633",
        "pref_kana": "ｲﾊﾞﾗｷｹﾝ",
        "address1_kana": "ﾂｸﾊﾞｼ",
        "address2_kana": "ﾄｵﾋｶﾞｼ",
        "pref": "茨城県",
        "address1": "つくば市",
        "address2": "遠東",
        "is_multi_code": "0",
        "is_koaza": "0",
        "is_choume": "0",
        "is_multi_place": "0",
        "is_updated": "0",
        "update_reason": "0"
    },
    {
        "code": "08220",
        "postal_old": "30026",
        "postal_new": "3002634",
        "pref_kana": "ｲﾊﾞﾗｷｹﾝ",
        "address1_kana": "ﾂｸﾊﾞｼ",
        "address2_kana": "ﾅｶﾋｶﾞｼﾊﾗｼﾝﾃﾞﾝ",
        "pref": "茨城県",
        "address1": "つくば市",
        "address2": "中東原新田",
        "is_multi_code": "0",
        "is_koaza": "0",
        "is_choume": "0",
        "is_multi_place": "0",
        "is_updated": "0",
        "update_reason": "0"
    },
    {
        "code": "08220",
        "postal_old": "30026",
        "postal_new": "3002635",
        "pref_kana": "ｲﾊﾞﾗｷｹﾝ",
        "address1_kana": "ﾂｸﾊﾞｼ",
        "address2_kana": "ﾄｳｺｳﾀﾞｲ",
        "pref": "茨城県",
        "address1": "つくば市",
        "address2": "東光台",
        "is_multi_code": "0",
        "is_koaza": "0",
        "is_choume": "1",
        "is_multi_place": "0",
        "is_updated": "0",
        "update_reason": "0"
    },
    {
        "code": "08220",
        "postal_old": "30026",
        "postal_new": "3002636",
        "pref_kana": "ｲﾊﾞﾗｷｹﾝ",
        "address1_kana": "ﾂｸﾊﾞｼ",
        "address2_kana": "ﾂﾁﾀﾞ",
        "pref": "茨城県",
        "address1": "つくば市",
        "address2": "土田",
        "is_multi_code": "0",
        "is_koaza": "0",
        "is_choume": "0",
        "is_multi_place": "0",
        "is_updated": "0",
        "update_reason": "0"
    },
    {
        "code": "08220",
        "postal_old": "30026",
        "postal_new": "3002637",
        "pref_kana": "ｲﾊﾞﾗｷｹﾝ",
        "address1_kana": "ﾂｸﾊﾞｼ",
        "address2_kana": "ｻｹﾏﾙ",
        "pref": "茨城県",
        "address1": "つくば市",
        "address2": "酒丸",
        "is_multi_code": "0",
        "is_koaza": "0",
        "is_choume": "0",
        "is_multi_place": "0",
        "is_updated": "0",
        "update_reason": "0"
    },
    {
        "code": "08220",
        "postal_old": "30026",
        "postal_new": "3002638",
        "pref_kana": "ｲﾊﾞﾗｷｹﾝ",
        "address1_kana": "ﾂｸﾊﾞｼ",
        "address2_kana": "ﾊｯｹ",
        "pref": "茨城県",
        "address1": "つくば市",
        "address2": "百家",
        "is_multi_code": "0",
        "is_koaza": "0",
        "is_choume": "0",
        "is_multi_place": "0",
        "is_updated": "0",
        "update_reason": "0"
    },
    {
        "code": "08220",
        "postal_old": "30026",
        "postal_new": "3002639",
        "pref_kana": "ｲﾊﾞﾗｷｹﾝ",
        "address1_kana": "ﾂｸﾊﾞｼ",
        "address2_kana": "ﾅｶﾋｶﾞｼ",
        "pref": "茨城県",
        "address1": "つくば市",
        "address2": "中東",
        "is_multi_code": "0",
        "is_koaza": "0",
        "is_choume": "0",
        "is_multi_place": "0",
        "is_updated": "0",
        "update_reason": "0"
    },
    {
        "code": "08220",
        "postal_old": "30026",
        "postal_new": "3002641",
        "pref_kana": "ｲﾊﾞﾗｷｹﾝ",
        "address1_kana": "ﾂｸﾊﾞｼ",
        "address2_kana": "ｲﾏｶｼﾏ",
        "pref": "茨城県",
        "address1": "つくば市",
        "address2": "今鹿島",
        "is_multi_code": "0",
        "is_koaza": "0",
        "is_choume": "0",
        "is_multi_place": "0",
        "is_updated": "0",
        "update_reason": "0"
    },
    {
        "code": "08220",
        "postal_old": "30026",
        "postal_new": "3002642",
        "pref_kana": "ｲﾊﾞﾗｷｹﾝ",
        "address1_kana": "ﾂｸﾊﾞｼ",
        "address2_kana": "ｺｳﾔ",
        "pref": "茨城県",
        "address1": "つくば市",
        "address2": "高野",
        "is_multi_code": "0",
        "is_koaza": "0",
        "is_choume": "0",
        "is_multi_place": "0",
        "is_updated": "0",
        "update_reason": "0"
    },
    {
        "code": "08220",
        "postal_old": "30026",
        "postal_new": "3002643",
        "pref_kana": "ｲﾊﾞﾗｷｹﾝ",
        "address1_kana": "ﾂｸﾊﾞｼ",
        "address2_kana": "ﾉﾊﾞﾀ",
        "pref": "茨城県",
        "address1": "つくば市",
        "address2": "野畑",
        "is_multi_code": "0",
        "is_koaza": "0",
        "is_choume": "0",
        "is_multi_place": "0",
        "is_updated": "0",
        "update_reason": "0"
    },
    {
        "code": "08220",
        "postal_old": "30026",
        "postal_new": "3002644",
        "pref_kana": "ｲﾊﾞﾗｷｹﾝ",
        "address1_kana": "ﾂｸﾊﾞｼ",
        "address2_kana": "ｺﾉﾏﾀ",
        "pref": "茨城県",
        "address1": "つくば市",
        "address2": "木俣",
        "is_multi_code": "0",
        "is_koaza": "0",
        "is_choume": "0",
        "is_multi_place": "0",
        "is_updated": "0",
        "update_reason": "0"
    },
    {
        "code": "08220",
        "postal_old": "30026",
        "postal_new": "3002645",
        "pref_kana": "ｲﾊﾞﾗｷｹﾝ",
        "address1_kana": "ﾂｸﾊﾞｼ",
        "address2_kana": "ｶﾐｺﾞｳ",
        "pref": "茨城県",
        "address1": "つくば市",
        "address2": "上郷",
        "is_multi_code": "0",
        "is_koaza": "0",
        "is_choume": "0",
        "is_multi_place": "0",
        "is_updated": "0",
        "update_reason": "0"
    },
    {
        "code": "08220",
        "postal_old": "30026",
        "postal_new": "3002646",
        "pref_kana": "ｲﾊﾞﾗｷｹﾝ",
        "address1_kana": "ﾂｸﾊﾞｼ",
        "address2_kana": "ﾐﾄﾞﾘｶﾞﾊﾗ",
        "pref": "茨城県",
        "address1": "つくば市",
        "address2": "緑ケ原",
        "is_multi_code": "0",
        "is_koaza": "0",
        "is_choume": "1",
        "is_multi_place": "0",
        "is_updated": "0",
        "update_reason": "0"
    },
    {
        "code": "08220",
        "postal_old": "30026",
        "postal_new": "3002647",
        "pref_kana": "ｲﾊﾞﾗｷｹﾝ",
        "address1_kana": "ﾂｸﾊﾞｼ",
        "address2_kana": "ﾃｺﾞﾏﾙ",
        "pref": "茨城県",
        "address1": "つくば市",
        "address2": "手子生",
        "is_multi_code": "0",
        "is_koaza": "0",
        "is_choume": "0",
        "is_multi_place": "0",
        "is_updated": "0",
        "update_reason": "0"
    },
    {
        "code": "08220",
        "postal_old": "30026",
        "postal_new": "3002648",
        "pref_kana": "ｲﾊﾞﾗｷｹﾝ",
        "address1_kana": "ﾂｸﾊﾞｼ",
        "address2_kana": "ﾄﾖｻﾄﾉﾓﾘ",
        "pref": "茨城県",
        "address1": "つくば市",
        "address2": "豊里の杜",
        "is_multi_code": "0",
        "is_koaza": "0",
        "is_choume": "1",
        "is_multi_place": "0",
        "is_updated": "0",
        "update_reason": "0"
    },
    {
        "code": "08220",
        "postal_old": "30022",
        "postal_new": "3002651",
        "pref_kana": "ｲﾊﾞﾗｷｹﾝ",
        "address1_kana": "ﾂｸﾊﾞｼ",
        "address2_kana": "ｵﾆｶﾞｸﾎﾞ",
        "pref": "茨城県",
        "address1": "つくば市",
        "address2": "鬼ケ窪",
        "is_multi_code": "0",
        "is_koaza": "0",
        "is_choume": "0",
        "is_multi_place": "0",
        "is_updated": "0",
        "update_reason": "0"
    },
    {
        "code": "08220",
        "postal_old": "30022",
        "postal_new": "3002652",
        "pref_kana": "ｲﾊﾞﾗｷｹﾝ",
        "address1_kana": "ﾂｸﾊﾞｼ",
        "address2_kana": "ﾀｶﾀ",
        "pref": "茨城県",
        "address1": "つくば市",
        "address2": "高田",
        "is_multi_code": "0",
        "is_koaza": "0",
        "is_choume": "0",
        "is_multi_place": "0",
        "is_updated": "0",
        "update_reason": "0"
    },
    {
        "code": "08220",
        "postal_old": "30022",
        "postal_new": "3002653",
        "pref_kana": "ｲﾊﾞﾗｷｹﾝ",
        "address1_kana": "ﾂｸﾊﾞｼ",
        "address2_kana": "ｵﾓﾉｲ",
        "pref": "茨城県",
        "address1": "つくば市",
        "address2": "面野井",
        "is_multi_code": "0",
        "is_koaza": "0",
        "is_choume": "0",
        "is_multi_place": "0",
        "is_updated": "0",
        "update_reason": "0"
    },
    {
        "code": "08220",
        "postal_old": "30022",
        "postal_new": "3002654",
        "pref_kana": "ｲﾊﾞﾗｷｹﾝ",
        "address1_kana": "ﾂｸﾊﾞｼ",
        "address2_kana": "ﾐｽﾞﾎﾞﾘ",
        "pref": "茨城県",
        "address1": "つくば市",
        "address2": "水堀",
        "is_multi_code": "0",
        "is_koaza": "0",
        "is_choume": "0",
        "is_multi_place": "0",
        "is_updated": "0",
        "update_reason": "0"
    },
    {
        "code": "08220",
        "postal_old": "30022",
        "postal_new": "3002655",
        "pref_kana": "ｲﾊﾞﾗｷｹﾝ",
        "address1_kana": "ﾂｸﾊﾞｼ",
        "address2_kana": "ｼﾏﾅ",
        "pref": "茨城県",
        "address1": "つくば市",
        "address2": "島名",
        "is_multi_code": "0",
        "is_koaza": "0",
        "is_choume": "0",
        "is_multi_place": "0",
        "is_updated": "0",
        "update_reason": "0"
    },
    {
        "code": "08220",
        "postal_old": "30022",
        "postal_new": "3002656",
        "pref_kana": "ｲﾊﾞﾗｷｹﾝ",
        "address1_kana": "ﾂｸﾊﾞｼ",
        "address2_kana": "ﾏｾ",
        "pref": "茨城県",
        "address1": "つくば市",
        "address2": "真瀬",
        "is_multi_code": "0",
        "is_koaza": "0",
        "is_choume": "0",
        "is_multi_place": "0",
        "is_updated": "0",
        "update_reason": "0"
    },
    {
        "code": "08220",
        "postal_old": "30026",
        "postal_new": "3002657",
        "pref_kana": "ｲﾊﾞﾗｷｹﾝ",
        "address1_kana": "ﾂｸﾊﾞｼ",
        "address2_kana": "ｶﾄﾘﾀﾞｲ",
        "pref": "茨城県",
        "address1": "つくば市",
        "address2": "香取台",
        "is_multi_code": "0",
        "is_koaza": "0",
        "is_choume": "0",
        "is_multi_place": "0",
        "is_updated": "0",
        "update_reason": "0"
    },
    {
        "code": "08220",
        "postal_old": "30026",
        "postal_new": "3002658",
        "pref_kana": "ｲﾊﾞﾗｷｹﾝ",
        "address1_kana": "ﾂｸﾊﾞｼ",
        "address2_kana": "ｽﾜ",
        "pref": "茨城県",
        "address1": "つくば市",
        "address2": "諏訪",
        "is_multi_code": "0",
        "is_koaza": "0",
        "is_choume": "0",
        "is_multi_place": "0",
        "is_updated": "0",
        "update_reason": "0"
    },
    {
        "code": "08220",
        "postal_old": "30026",
        "postal_new": "3002659",
        "pref_kana": "ｲﾊﾞﾗｷｹﾝ",
        "address1_kana": "ﾂｸﾊﾞｼ",
        "address2_kana": "ﾊﾞﾝﾊﾟｸｺｳｴﾝﾆｼ",
        "pref": "茨城県",
        "address1": "つくば市",
        "address2": "万博公園西",
        "is_multi_code": "0",
        "is_koaza": "0",
        "is_choume": "0",
        "is_multi_place": "0",
        "is_updated": "0",
        "update_reason": "0"
    },
    {
        "code": "08220",
        "postal_old": "30022",
        "postal_new": "3002661",
        "pref_kana": "ｲﾊﾞﾗｷｹﾝ",
        "address1_kana": "ﾂｸﾊﾞｼ",
        "address2_kana": "ｶﾐｶﾜﾗｻﾞｷ",
        "pref": "茨城県",
        "address1": "つくば市",
        "address2": "上河原崎",
        "is_multi_code": "0",
        "is_koaza": "0",
        "is_choume": "0",
        "is_multi_place": "0",
        "is_updated": "0",
        "update_reason": "0"
    },
    {
        "code": "08220",
        "postal_old": "30022",
        "postal_new": "3002662",
        "pref_kana": "ｲﾊﾞﾗｷｹﾝ",
        "address1_kana": "ﾂｸﾊﾞｼ",
        "address2_kana": "ｼﾓｶﾜﾗｻﾞｷ",
        "pref": "茨城県",
        "address1": "つくば市",
        "address2": "下河原崎",
        "is_multi_code": "0",
        "is_koaza": "0",
        "is_choume": "0",
        "is_multi_place": "0",
        "is_updated": "0",
        "update_reason": "0"
    },
    {
        "code": "08220",
        "postal_old": "30022",
        "postal_new": "3002663",
        "pref_kana": "ｲﾊﾞﾗｷｹﾝ",
        "address1_kana": "ﾂｸﾊﾞｼ",
        "address2_kana": "ﾅﾍﾞﾇﾏｼﾝﾃﾞﾝ",
        "pref": "茨城県",
        "address1": "つくば市",
        "address2": "鍋沼新田",
        "is_multi_code": "0",
        "is_koaza": "0",
        "is_choume": "0",
        "is_multi_place": "0",
        "is_updated": "0",
        "update_reason": "0"
    },
    {
        "code": "08220",
        "postal_old": "30022",
        "postal_new": "3002664",
        "pref_kana": "ｲﾊﾞﾗｷｹﾝ",
        "address1_kana": "ﾂｸﾊﾞｼ",
        "address2_kana": "ﾀｶﾗﾀﾞ",
        "pref": "茨城県",
        "address1": "つくば市",
        "address2": "高良田",
        "is_multi_code": "0",
        "is_koaza": "0",
        "is_choume": "0",
        "is_multi_place": "0",
        "is_updated": "0",
        "update_reason": "0"
    },
    {
        "code": "08220",
        "postal_old": "30022",
        "postal_new": "3002665",
        "pref_kana": "ｲﾊﾞﾗｷｹﾝ",
        "address1_kana": "ﾂｸﾊﾞｼ",
        "address2_kana": "ﾀｶｽｶ",
        "pref": "茨城県",
        "address1": "つくば市",
        "address2": "高須賀",
        "is_multi_code": "0",
        "is_koaza": "0",
        "is_choume": "0",
        "is_multi_place": "0",
        "is_updated": "0",
        "update_reason": "0"
    },
    {
        "code": "08220",
        "postal_old": "30022",
        "postal_new": "3002666",
        "pref_kana": "ｲﾊﾞﾗｷｹﾝ",
        "address1_kana": "ﾂｸﾊﾞｼ",
        "address2_kana": "ｼﾓﾍﾞｯﾌﾟ",
        "pref": "茨城県",
        "address1": "つくば市",
        "address2": "下別府",
        "is_multi_code": "0",
        "is_koaza": "0",
        "is_choume": "0",
        "is_multi_place": "0",
        "is_updated": "0",
        "update_reason": "0"
    },
    {
        "code": "08220",
        "postal_old": "30022",
        "postal_new": "3002667",
        "pref_kana": "ｲﾊﾞﾗｷｹﾝ",
        "address1_kana": "ﾂｸﾊﾞｼ",
        "address2_kana": "ﾅｶﾍﾞｯﾌﾟ",
        "pref": "茨城県",
        "address1": "つくば市",
        "address2": "中別府",
        "is_multi_code": "0",
        "is_koaza": "0",
        "is_choume": "0",
        "is_multi_place": "0",
        "is_updated": "0",
        "update_reason": "0"
    },
    {
        "code": "08220",
        "postal_old": "30026",
        "postal_new": "3002668",
        "pref_kana": "ｲﾊﾞﾗｷｹﾝ",
        "address1_kana": "ﾂｸﾊﾞｼ",
        "address2_kana": "ｶﾐｶﾜ",
        "pref": "茨城県",
        "address1": "つくば市",
        "address2": "かみかわ",
        "is_multi_code": "0",
        "is_koaza": "0",
        "is_choume": "0",
        "is_multi_place": "0",
        "is_updated": "0",
        "update_reason": "0"
    },
    {
        "code": "08220",
        "postal_old": "30026",
        "postal_new": "3002669",
        "pref_kana": "ｲﾊﾞﾗｷｹﾝ",
        "address1_kana": "ﾂｸﾊﾞｼ",
        "address2_kana": "ﾀｶﾔﾏ",
        "pref": "茨城県",
        "address1": "つくば市",
        "address2": "高山",
        "is_multi_code": "0",
        "is_koaza": "0",
        "is_choume": "0",
        "is_multi_place": "0",
        "is_updated": "0",
        "update_reason": "0"
    }
]