[
    {
        "code": "08201",
        "postal_old": "310  ",
        "postal_new": "3100000",
        "pref_kana": "ｲﾊﾞﾗｷｹﾝ",
        "address1_kana": "ﾐﾄｼ",
        "address2_kana": "ｲｶﾆｹｲｻｲｶﾞﾅｲﾊﾞｱｲ",
        "pref": "茨城県",
        "address1": "水戸市",
        "address2": "以下に掲載がない場合",
        "is_multi_code": "0",
        "is_koaza": "0",
        "is_choume": "0",
        "is_multi_place": "0",
        "is_updated": "0",
        "update_reason": "0"
    },
    {
        "code": "08201",
        "postal_old": "310  ",
        "postal_new": "3100001",
        "pref_kana": "ｲﾊﾞﾗｷｹﾝ",
        "address1_kana": "ﾐﾄｼ",
        "address2_kana": "ｶﾐｶﾞﾁﾁｮｳ",
        "pref": "茨城県",
        "address1": "水戸市",
        "address2": "上河内町",
        "is_multi_code": "0",
        "is_koaza": "0",
        "is_choume": "0",
        "is_multi_place": "0",
        "is_updated": "0",
        "update_reason": "0"
    },
    {
        "code": "08201",
        "postal_old": "310  ",
        "postal_new": "3100002",
        "pref_kana": "ｲﾊﾞﾗｷｹﾝ",
        "address1_kana": "ﾐﾄｼ",
        "address2_kana": "ﾅｶｶﾞﾁﾁｮｳ",
        "pref": "茨城県",
        "address1": "水戸市",
        "address2": "中河内町",
        "is_multi_code": "0",
        "is_koaza": "0",
        "is_choume": "0",
        "is_multi_place": "0",
        "is_updated": "0",
        "update_reason": "0"
    },
    {
        "code": "08201",
        "postal_old": "310  ",
        "postal_new": "3100003",
        "pref_kana": "ｲﾊﾞﾗｷｹﾝ",
        "address1_kana": "ﾐﾄｼ",
        "address2_kana": "ﾔﾅｶﾜﾁｮｳ",
        "pref": "茨城県",
        "address1": "水戸市",
        "address2": "柳河町",
        "is_multi_code": "0",
        "is_koaza": "0",
        "is_choume": "0",
        "is_multi_place": "0",
        "is_updated": "0",
        "update_reason": "0"
    },
    {
        "code": "08201",
        "postal_old": "310  ",
        "postal_new": "3100004",
        "pref_kana": "ｲﾊﾞﾗｷｹﾝ",
        "address1_kana": "ﾐﾄｼ",
        "address2_kana": "ｱｵﾔｷﾞﾁｮｳ",
        "pref": "茨城県",
        "address1": "水戸市",
        "address2": "青柳町",
        "is_multi_code": "0",
        "is_koaza": "0",
        "is_choume": "0",
        "is_multi_place": "0",
        "is_updated": "0",
        "update_reason": "0"
    },
    {
        "code": "08201",
        "postal_old": "310  ",
        "postal_new": "3100005",
        "pref_kana": "ｲﾊﾞﾗｷｹﾝ",
        "address1_kana": "ﾐﾄｼ",
        "address2_kana": "ｽｲﾌﾁｮｳ",
        "pref": "茨城県",
        "address1": "水戸市",
        "address2": "水府町",
        "is_multi_code": "0",
        "is_koaza": "0",
        "is_choume": "0",
        "is_multi_place": "0",
        "is_updated": "0",
        "update_reason": "0"
    },
    {
        "code": "08201",
        "postal_old": "310  ",
        "postal_new": "3100011",
        "pref_kana": "ｲﾊﾞﾗｷｹﾝ",
        "address1_kana": "ﾐﾄｼ",
        "address2_kana": "ｻﾝﾉﾏﾙ",
        "pref": "茨城県",
        "address1": "水戸市",
        "address2": "三の丸",
        "is_multi_code": "0",
        "is_koaza": "0",
        "is_choume": "1",
        "is_multi_place": "0",
        "is_updated": "0",
        "update_reason": "0"
    },
    {
        "code": "08201",
        "postal_old": "310  ",
        "postal_new": "3100012",
        "pref_kana": "ｲﾊﾞﾗｷｹﾝ",
        "address1_kana": "ﾐﾄｼ",
        "address2_kana": "ｼﾞｮｳﾄｳ",
        "pref": "茨城県",
        "address1": "水戸市",
        "address2": "城東",
        "is_multi_code": "0",
        "is_koaza": "0",
        "is_choume": "1",
        "is_multi_place": "0",
        "is_updated": "0",
        "update_reason": "0"
    },
    {
        "code": "08201",
        "postal_old": "310  ",
        "postal_new": "3100013",
        "pref_kana": "ｲﾊﾞﾗｷｹﾝ",
        "address1_kana": "ﾐﾄｼ",
        "address2_kana": "ﾜｶﾐﾔ",
        "pref": "茨城県",
        "address1": "水戸市",
        "address2": "若宮",
        "is_multi_code": "0",
        "is_koaza": "0",
        "is_choume": "1",
        "is_multi_place": "0",
        "is_updated": "0",
        "update_reason": "0"
    },
    {
        "code": "08201",
        "postal_old": "310  ",
        "postal_new": "3100014",
        "pref_kana": "ｲﾊﾞﾗｷｹﾝ",
        "address1_kana": "ﾐﾄｼ",
        "address2_kana": "ﾜｶﾐﾔﾁｮｳ",
        "pref": "茨城県",
        "address1": "水戸市",
        "address2": "若宮町",
        "is_multi_code": "0",
        "is_koaza": "0",
        "is_choume": "0",
        "is_multi_place": "0",
        "is_updated": "0",
        "update_reason": "0"
    },
    {
        "code": "08201",
        "postal_old": "310  ",
        "postal_new": "3100015",
        "pref_kana": "ｲﾊﾞﾗｷｹﾝ",
        "address1_kana": "ﾐﾄｼ",
        "address2_kana": "ﾐﾔﾏﾁ",
        "pref": "茨城県",
        "address1": "水戸市",
        "address2": "宮町",
        "is_multi_code": "0",
        "is_koaza": "0",
        "is_choume": "1",
        "is_multi_place": "0",
        "is_updated": "0",
        "update_reason": "0"
    },
    {
        "code": "08201",
        "postal_old": "310  ",
        "postal_new": "3100021",
        "pref_kana": "ｲﾊﾞﾗｷｹﾝ",
        "address1_kana": "ﾐﾄｼ",
        "address2_kana": "ﾐﾅﾐﾏﾁ",
        "pref": "茨城県",
        "address1": "水戸市",
        "address2": "南町",
        "is_multi_code": "0",
        "is_koaza": "0",
        "is_choume": "1",
        "is_multi_place": "0",
        "is_updated": "0",
        "update_reason": "0"
    },
    {
        "code": "08201",
        "postal_old": "310  ",
        "postal_new": "3100022",
        "pref_kana": "ｲﾊﾞﾗｷｹﾝ",
        "address1_kana": "ﾐﾄｼ",
        "address2_kana": "ﾊﾞｲｺｳ",
        "pref": "茨城県",
        "address1": "水戸市",
        "address2": "梅香",
        "is_multi_code": "0",
        "is_koaza": "0",
        "is_choume": "1",
        "is_multi_place": "0",
        "is_updated": "0",
        "update_reason": "0"
    },
    {
        "code": "08201",
        "postal_old": "310  ",
        "postal_new": "3100023",
        "pref_kana": "ｲﾊﾞﾗｷｹﾝ",
        "address1_kana": "ﾐﾄｼ",
        "address2_kana": "ｼﾓﾊﾞｲｺｳ",
        "pref": "茨城県",
        "address1": "水戸市",
        "address2": "下梅香",
        "is_multi_code": "0",
        "is_koaza": "0",
        "is_choume": "0",
        "is_multi_place": "0",
        "is_updated": "0",
        "update_reason": "0"
    },
    {
        "code": "08201",
        "postal_old": "310  ",
        "postal_new": "3100024",
        "pref_kana": "ｲﾊﾞﾗｷｹﾝ",
        "address1_kana": "ﾐﾄｼ",
        "address2_kana": "ﾋﾞｾﾞﾝﾏﾁ",
        "pref": "茨城県",
        "address1": "水戸市",
        "address2": "備前町",
        "is_multi_code": "0",
        "is_koaza": "0",
        "is_choume": "0",
        "is_multi_place": "0",
        "is_updated": "0",
        "update_reason": "0"
    },
    {
        "code": "08201",
        "postal_old": "310  ",
        "postal_new": "3100025",
        "pref_kana": "ｲﾊﾞﾗｷｹﾝ",
        "address1_kana": "ﾐﾄｼ",
        "address2_kana": "ﾃﾝﾉｳﾁｮｳ",
        "pref": "茨城県",
        "address1": "水戸市",
        "address2": "天王町",
        "is_multi_code": "0",
        "is_koaza": "0",
        "is_choume": "0",
        "is_multi_place": "0",
        "is_updated": "0",
        "update_reason": "0"
    },
    {
        "code": "08201",
        "postal_old": "310  ",
        "postal_new": "3100026",
        "pref_kana": "ｲﾊﾞﾗｷｹﾝ",
        "address1_kana": "ﾐﾄｼ",
        "address2_kana": "ｲｽﾞﾐﾁｮｳ",
        "pref": "茨城県",
        "address1": "水戸市",
        "address2": "泉町",
        "is_multi_code": "0",
        "is_koaza": "0",
        "is_choume": "1",
        "is_multi_place": "0",
        "is_updated": "0",
        "update_reason": "0"
    },
    {
        "code": "08201",
        "postal_old": "310  ",
        "postal_new": "3100031",
        "pref_kana": "ｲﾊﾞﾗｷｹﾝ",
        "address1_kana": "ﾐﾄｼ",
        "address2_kana": "ﾀﾞｲｸﾏﾁ",
        "pref": "茨城県",
        "address1": "水戸市",
        "address2": "大工町",
        "is_multi_code": "0",
        "is_koaza": "0",
        "is_choume": "1",
        "is_multi_place": "0",
        "is_updated": "0",
        "update_reason": "0"
    },
    {
        "code": "08201",
        "postal_old": "310  ",
        "postal_new": "3100032",
        "pref_kana": "ｲﾊﾞﾗｷｹﾝ",
        "address1_kana": "ﾐﾄｼ",
        "address2_kana": "ﾓﾄﾔﾏﾁｮｳ",
        "pref": "茨城県",
        "address1": "水戸市",
        "address2": "元山町",
        "is_multi_code": "0",
        "is_koaza": "0",
        "is_choume": "1",
        "is_multi_place": "0",
        "is_updated": "0",
        "update_reason": "0"
    },
    {
        "code": "08201",
        "postal_old": "310  ",
        "postal_new": "3100033",
        "pref_kana": "ｲﾊﾞﾗｷｹﾝ",
        "address1_kana": "ﾐﾄｼ",
        "address2_kana": "ﾄｷﾜﾁｮｳ",
        "pref": "茨城県",
        "address1": "水戸市",
        "address2": "常磐町",
        "is_multi_code": "0",
        "is_koaza": "0",
        "is_choume": "1",
        "is_multi_place": "0",
        "is_updated": "0",
        "update_reason": "0"
    },
    {
        "code": "08201",
        "postal_old": "310  ",
        "postal_new": "3100034",
        "pref_kana": "ｲﾊﾞﾗｷｹﾝ",
        "address1_kana": "ﾐﾄｼ",
        "address2_kana": "ﾐﾄﾞﾘﾁｮｳ",
        "pref": "茨城県",
        "address1": "水戸市",
        "address2": "緑町",
        "is_multi_code": "0",
        "is_koaza": "0",
        "is_choume": "1",
        "is_multi_place": "0",
        "is_updated": "0",
        "update_reason": "0"
    },
    {
        "code": "08201",
        "postal_old": "310  ",
        "postal_new": "3100035",
        "pref_kana": "ｲﾊﾞﾗｷｹﾝ",
        "address1_kana": "ﾐﾄｼ",
        "address2_kana": "ﾋｶﾞｼﾊﾗ",
        "pref": "茨城県",
        "address1": "水戸市",
        "address2": "東原",
        "is_multi_code": "0",
        "is_koaza": "0",
        "is_choume": "1",
        "is_multi_place": "0",
        "is_updated": "0",
        "update_reason": "0"
    },
    {
        "code": "08201",
        "postal_old": "310  ",
        "postal_new": "3100036",
        "pref_kana": "ｲﾊﾞﾗｷｹﾝ",
        "address1_kana": "ﾐﾄｼ",
        "address2_kana": "ｼﾝｿｳ",
        "pref": "茨城県",
        "address1": "水戸市",
        "address2": "新荘",
        "is_multi_code": "0",
        "is_koaza": "0",
        "is_choume": "1",
        "is_multi_place": "0",
        "is_updated": "0",
        "update_reason": "0"
    },
    {
        "code": "08201",
        "postal_old": "310  ",
        "postal_new": "3100041",
        "pref_kana": "ｲﾊﾞﾗｷｹﾝ",
        "address1_kana": "ﾐﾄｼ",
        "address2_kana": "ｶﾐﾐﾄ",
        "pref": "茨城県",
        "address1": "水戸市",
        "address2": "上水戸",
        "is_multi_code": "0",
        "is_koaza": "0",
        "is_choume": "1",
        "is_multi_place": "0",
        "is_updated": "0",
        "update_reason": "0"
    },
    {
        "code": "08201",
        "postal_old": "310  ",
        "postal_new": "3100042",
        "pref_kana": "ｲﾊﾞﾗｷｹﾝ",
        "address1_kana": "ﾐﾄｼ",
        "address2_kana": "ｼﾞﾕｳｶﾞｵｶ",
        "pref": "茨城県",
        "address1": "水戸市",
        "address2": "自由が丘",
        "is_multi_code": "0",
        "is_koaza": "0",
        "is_choume": "0",
        "is_multi_place": "0",
        "is_updated": "0",
        "update_reason": "0"
    },
    {
        "code": "08201",
        "postal_old": "310  ",
        "postal_new": "3100043",
        "pref_kana": "ｲﾊﾞﾗｷｹﾝ",
        "address1_kana": "ﾐﾄｼ",
        "address2_kana": "ﾏﾂｶﾞｵｶ",
        "pref": "茨城県",
        "address1": "水戸市",
        "address2": "松が丘",
        "is_multi_code": "0",
        "is_koaza": "0",
        "is_choume": "1",
        "is_multi_place": "0",
        "is_updated": "0",
        "update_reason": "0"
    },
    {
        "code": "08201",
        "postal_old": "310  ",
        "postal_new": "3100044",
        "pref_kana": "ｲﾊﾞﾗｷｹﾝ",
        "address1_kana": "ﾐﾄｼ",
        "address2_kana": "ﾆｼﾊﾗ",
        "pref": "茨城県",
        "address1": "水戸市",
        "address2": "西原",
        "is_multi_code": "0",
        "is_koaza": "0",
        "is_choume": "1",
        "is_multi_place": "0",
        "is_updated": "0",
        "update_reason": "0"
    },
    {
        "code": "08201",
        "postal_old": "310  ",
        "postal_new": "3100045",
        "pref_kana": "ｲﾊﾞﾗｷｹﾝ",
        "address1_kana": "ﾐﾄｼ",
        "address2_kana": "ｼﾝﾊﾗ",
        "pref": "茨城県",
        "address1": "水戸市",
        "address2": "新原",
        "is_multi_code": "0",
        "is_koaza": "0",
        "is_choume": "1",
        "is_multi_place": "0",
        "is_updated": "0",
        "update_reason": "0"
    },
    {
        "code": "08201",
        "postal_old": "310  ",
        "postal_new": "3100046",
        "pref_kana": "ｲﾊﾞﾗｷｹﾝ",
        "address1_kana": "ﾐﾄｼ",
        "address2_kana": "ｱｹﾎﾞﾉﾁｮｳ",
        "pref": "茨城県",
        "address1": "水戸市",
        "address2": "曙町",
        "is_multi_code": "0",
        "is_koaza": "0",
        "is_choume": "0",
        "is_multi_place": "0",
        "is_updated": "0",
        "update_reason": "0"
    },
    {
        "code": "08201",
        "postal_old": "310  ",
        "postal_new": "3100051",
        "pref_kana": "ｲﾊﾞﾗｷｹﾝ",
        "address1_kana": "ﾐﾄｼ",
        "address2_kana": "ﾁﾄｾ",
        "pref": "茨城県",
        "address1": "水戸市",
        "address2": "ちとせ",
        "is_multi_code": "0",
        "is_koaza": "0",
        "is_choume": "1",
        "is_multi_place": "0",
        "is_updated": "0",
        "update_reason": "0"
    },
    {
        "code": "08201",
        "postal_old": "310  ",
        "postal_new": "3100052",
        "pref_kana": "ｲﾊﾞﾗｷｹﾝ",
        "address1_kana": "ﾐﾄｼ",
        "address2_kana": "ﾏﾂﾓﾄﾁｮｳ",
        "pref": "茨城県",
        "address1": "水戸市",
        "address2": "松本町",
        "is_multi_code": "0",
        "is_koaza": "0",
        "is_choume": "0",
        "is_multi_place": "0",
        "is_updated": "0",
        "update_reason": "0"
    },
    {
        "code": "08201",
        "postal_old": "310  ",
        "postal_new": "3100053",
        "pref_kana": "ｲﾊﾞﾗｷｹﾝ",
        "address1_kana": "ﾐﾄｼ",
        "address2_kana": "ｽｴﾋﾛﾁｮｳ",
        "pref": "茨城県",
        "address1": "水戸市",
        "address2": "末広町",
        "is_multi_code": "0",
        "is_koaza": "0",
        "is_choume": "1",
        "is_multi_place": "0",
        "is_updated": "0",
        "update_reason": "0"
    },
    {
        "code": "08201",
        "postal_old": "310  ",
        "postal_new": "3100054",
        "pref_kana": "ｲﾊﾞﾗｷｹﾝ",
        "address1_kana": "ﾐﾄｼ",
        "address2_kana": "ｱﾀｺﾞﾁｮｳ",
        "pref": "茨城県",
        "address1": "水戸市",
        "address2": "愛宕町",
        "is_multi_code": "0",
        "is_koaza": "0",
        "is_choume": "0",
        "is_multi_place": "0",
        "is_updated": "0",
        "update_reason": "0"
    },
    {
        "code": "08201",
        "postal_old": "310  ",
        "postal_new": "3100055",
        "pref_kana": "ｲﾊﾞﾗｷｹﾝ",
        "address1_kana": "ﾐﾄｼ",
        "address2_kana": "ﾊｶﾏﾂｶ",
        "pref": "茨城県",
        "address1": "水戸市",
        "address2": "袴塚",
        "is_multi_code": "0",
        "is_koaza": "0",
        "is_choume": "1",
        "is_multi_place": "0",
        "is_updated": "0",
        "update_reason": "0"
    },
    {
        "code": "08201",
        "postal_old": "310  ",
        "postal_new": "3100056",
        "pref_kana": "ｲﾊﾞﾗｷｹﾝ",
        "address1_kana": "ﾐﾄｼ",
        "address2_kana": "ﾌﾞﾝｷｮｳ",
        "pref": "茨城県",
        "address1": "水戸市",
        "address2": "文京",
        "is_multi_code": "0",
        "is_koaza": "0",
        "is_choume": "1",
        "is_multi_place": "0",
        "is_updated": "0",
        "update_reason": "0"
    },
    {
        "code": "08201",
        "postal_old": "310  ",
        "postal_new": "3100061",
        "pref_kana": "ｲﾊﾞﾗｷｹﾝ",
        "address1_kana": "ﾐﾄｼ",
        "address2_kana": "ｷﾀﾐﾁｮｳ",
        "pref": "茨城県",
        "address1": "水戸市",
        "address2": "北見町",
        "is_multi_code": "0",
        "is_koaza": "0",
        "is_choume": "0",
        "is_multi_place": "0",
        "is_updated": "0",
        "update_reason": "0"
    },
    {
        "code": "08201",
        "postal_old": "310  ",
        "postal_new": "3100062",
        "pref_kana": "ｲﾊﾞﾗｷｹﾝ",
        "address1_kana": "ﾐﾄｼ",
        "address2_kana": "ｵｵﾏﾁ",
        "pref": "茨城県",
        "address1": "水戸市",
        "address2": "大町",
        "is_multi_code": "0",
        "is_koaza": "0",
        "is_choume": "1",
        "is_multi_place": "0",
        "is_updated": "0",
        "update_reason": "0"
    },
    {
        "code": "08201",
        "postal_old": "310  ",
        "postal_new": "3100063",
        "pref_kana": "ｲﾊﾞﾗｷｹﾝ",
        "address1_kana": "ﾐﾄｼ",
        "address2_kana": "ｺﾞｹﾝﾁｮｳ",
        "pref": "茨城県",
        "address1": "水戸市",
        "address2": "五軒町",
        "is_multi_code": "0",
        "is_koaza": "0",
        "is_choume": "1",
        "is_multi_place": "0",
        "is_updated": "0",
        "update_reason": "0"
    },
    {
        "code": "08201",
        "postal_old": "310  ",
        "postal_new": "3100064",
        "pref_kana": "ｲﾊﾞﾗｷｹﾝ",
        "address1_kana": "ﾐﾄｼ",
        "address2_kana": "ｻｶｴﾁｮｳ",
        "pref": "茨城県",
        "address1": "水戸市",
        "address2": "栄町",
        "is_multi_code": "0",
        "is_koaza": "0",
        "is_choume": "1",
        "is_multi_place": "0",
        "is_updated": "0",
        "update_reason": "0"
    },
    {
        "code": "08201",
        "postal_old": "310  ",
        "postal_new": "3100065",
        "pref_kana": "ｲﾊﾞﾗｷｹﾝ",
        "address1_kana": "ﾐﾄｼ",
        "address2_kana": "ﾊﾁﾏﾝﾁｮｳ",
        "pref": "茨城県",
        "address1": "水戸市",
        "address2": "八幡町",
        "is_multi_code": "0",
        "is_koaza": "0",
        "is_choume": "0",
        "is_multi_place": "0",
        "is_updated": "0",
        "update_reason": "0"
    },
    {
        "code": "08201",
        "postal_old": "310  ",
        "postal_new": "3100066",
        "pref_kana": "ｲﾊﾞﾗｷｹﾝ",
        "address1_kana": "ﾐﾄｼ",
        "address2_kana": "ｶﾈﾏﾁ",
        "pref": "茨城県",
        "address1": "水戸市",
        "address2": "金町",
        "is_multi_code": "0",
        "is_koaza": "0",
        "is_choume": "1",
        "is_multi_place": "0",
        "is_updated": "0",
        "update_reason": "0"
    },
    {
        "code": "08201",
        "postal_old": "310  ",
        "postal_new": "3100067",
        "pref_kana": "ｲﾊﾞﾗｷｹﾝ",
        "address1_kana": "ﾐﾄｼ",
        "address2_kana": "ﾈﾓﾄ",
        "pref": "茨城県",
        "address1": "水戸市",
        "address2": "根本",
        "is_multi_code": "0",
        "is_koaza": "0",
        "is_choume": "1",
        "is_multi_place": "0",
        "is_updated": "0",
        "update_reason": "0"
    },
    {
        "code": "08201",
        "postal_old": "310  ",
        "postal_new": "3100068",
        "pref_kana": "ｲﾊﾞﾗｷｹﾝ",
        "address1_kana": "ﾐﾄｼ",
        "address2_kana": "ﾈﾓﾄﾁｮｳ",
        "pref": "茨城県",
        "address1": "水戸市",
        "address2": "根本町",
        "is_multi_code": "0",
        "is_koaza": "0",
        "is_choume": "0",
        "is_multi_place": "0",
        "is_updated": "0",
        "update_reason": "0"
    }
]