[
    {
        "code": "21201",
        "postal_old": "500  ",
        "postal_new": "5008001",
        "pref_kana": "ｷﾞﾌｹﾝ",
        "address1_kana": "ｷﾞﾌｼ",
        "address2_kana": "ｶｶﾞﾐｲﾜ",
        "pref": "岐阜県",
        "address1": "岐阜市",
        "address2": "鏡岩",
        "is_multi_code": "0",
        "is_koaza": "0",
        "is_choume": "0",
        "is_multi_place": "0",
        "is_updated": "0",
        "update_reason": "0"
    },
    {
        "code": "21201",
        "postal_old": "500  ",
        "postal_new": "5008002",
        "pref_kana": "ｷﾞﾌｹﾝ",
        "address1_kana": "ｷﾞﾌｼ",
        "address2_kana": "ﾐﾀﾗｼ",
        "pref": "岐阜県",
        "address1": "岐阜市",
        "address2": "御手洗",
        "is_multi_code": "0",
        "is_koaza": "0",
        "is_choume": "0",
        "is_multi_place": "0",
        "is_updated": "0",
        "update_reason": "0"
    },
    {
        "code": "21201",
        "postal_old": "500  ",
        "postal_new": "5008003",
        "pref_kana": "ｷﾞﾌｹﾝ",
        "address1_kana": "ｷﾞﾌｼ",
        "address2_kana": "ｵｵﾐﾔﾁｮｳ",
        "pref": "岐阜県",
        "address1": "岐阜市",
        "address2": "大宮町",
        "is_multi_code": "0",
        "is_koaza": "0",
        "is_choume": "1",
        "is_multi_place": "0",
        "is_updated": "0",
        "update_reason": "0"
    },
    {
        "code": "21201",
        "postal_old": "500  ",
        "postal_new": "5008004",
        "pref_kana": "ｷﾞﾌｹﾝ",
        "address1_kana": "ｷﾞﾌｼ",
        "address2_kana": "ｾﾝｼﾞｮｳｼﾞｷ",
        "pref": "岐阜県",
        "address1": "岐阜市",
        "address2": "千畳敷",
        "is_multi_code": "0",
        "is_koaza": "0",
        "is_choume": "0",
        "is_multi_place": "0",
        "is_updated": "0",
        "update_reason": "0"
    },
    {
        "code": "21201",
        "postal_old": "500  ",
        "postal_new": "5008005",
        "pref_kana": "ｷﾞﾌｹﾝ",
        "address1_kana": "ｷﾞﾌｼ",
        "address2_kana": "ｶﾐｻﾞｲﾓｸﾁｮｳ",
        "pref": "岐阜県",
        "address1": "岐阜市",
        "address2": "上材木町",
        "is_multi_code": "0",
        "is_koaza": "0",
        "is_choume": "0",
        "is_multi_place": "0",
        "is_updated": "0",
        "update_reason": "0"
    },
    {
        "code": "21201",
        "postal_old": "500  ",
        "postal_new": "5008006",
        "pref_kana": "ｷﾞﾌｹﾝ",
        "address1_kana": "ｷﾞﾌｼ",
        "address2_kana": "ﾃｲｶﾞｲ",
        "pref": "岐阜県",
        "address1": "岐阜市",
        "address2": "堤外",
        "is_multi_code": "0",
        "is_koaza": "0",
        "is_choume": "0",
        "is_multi_place": "0",
        "is_updated": "0",
        "update_reason": "0"
    },
    {
        "code": "21201",
        "postal_old": "500  ",
        "postal_new": "5008007",
        "pref_kana": "ｷﾞﾌｹﾝ",
        "address1_kana": "ｷﾞﾌｼ",
        "address2_kana": "ﾓﾄﾊﾏﾁｮｳ",
        "pref": "岐阜県",
        "address1": "岐阜市",
        "address2": "元浜町",
        "is_multi_code": "0",
        "is_koaza": "0",
        "is_choume": "0",
        "is_multi_place": "0",
        "is_updated": "0",
        "update_reason": "0"
    },
    {
        "code": "21201",
        "postal_old": "500  ",
        "postal_new": "5008008",
        "pref_kana": "ｷﾞﾌｹﾝ",
        "address1_kana": "ｷﾞﾌｼ",
        "address2_kana": "ﾀﾏｲﾁｮｳ",
        "pref": "岐阜県",
        "address1": "岐阜市",
        "address2": "玉井町",
        "is_multi_code": "0",
        "is_koaza": "0",
        "is_choume": "0",
        "is_multi_place": "0",
        "is_updated": "0",
        "update_reason": "0"
    },
    {
        "code": "21201",
        "postal_old": "500  ",
        "postal_new": "5008009",
        "pref_kana": "ｷﾞﾌｹﾝ",
        "address1_kana": "ｷﾞﾌｼ",
        "address2_kana": "ﾐﾅﾄﾏﾁ",
        "pref": "岐阜県",
        "address1": "岐阜市",
        "address2": "湊町",
        "is_multi_code": "0",
        "is_koaza": "0",
        "is_choume": "0",
        "is_multi_place": "0",
        "is_updated": "0",
        "update_reason": "0"
    },
    {
        "code": "21201",
        "postal_old": "500  ",
        "postal_new": "5008011",
        "pref_kana": "ｷﾞﾌｹﾝ",
        "address1_kana": "ｷﾞﾌｼ",
        "address2_kana": "ｺﾋﾞｷﾁｮｳ",
        "pref": "岐阜県",
        "address1": "岐阜市",
        "address2": "木挽町",
        "is_multi_code": "0",
        "is_koaza": "0",
        "is_choume": "0",
        "is_multi_place": "0",
        "is_updated": "0",
        "update_reason": "0"
    },
    {
        "code": "21201",
        "postal_old": "500  ",
        "postal_new": "5008012",
        "pref_kana": "ｷﾞﾌｹﾝ",
        "address1_kana": "ｷﾞﾌｼ",
        "address2_kana": "ﾔﾏｸﾞﾁﾁｮｳ",
        "pref": "岐阜県",
        "address1": "岐阜市",
        "address2": "山口町",
        "is_multi_code": "0",
        "is_koaza": "0",
        "is_choume": "0",
        "is_multi_place": "0",
        "is_updated": "0",
        "update_reason": "0"
    },
    {
        "code": "21201",
        "postal_old": "500  ",
        "postal_new": "5008013",
        "pref_kana": "ｷﾞﾌｹﾝ",
        "address1_kana": "ｷﾞﾌｼ",
        "address2_kana": "ﾏﾂｼﾀﾁｮｳ",
        "pref": "岐阜県",
        "address1": "岐阜市",
        "address2": "松下町",
        "is_multi_code": "0",
        "is_koaza": "0",
        "is_choume": "0",
        "is_multi_place": "0",
        "is_updated": "0",
        "update_reason": "0"
    },
    {
        "code": "21201",
        "postal_old": "500  ",
        "postal_new": "5008014",
        "pref_kana": "ｷﾞﾌｹﾝ",
        "address1_kana": "ｷﾞﾌｼ",
        "address2_kana": "ﾕｳﾋｶﾞｵｶ",
        "pref": "岐阜県",
        "address1": "岐阜市",
        "address2": "夕陽ケ丘",
        "is_multi_code": "0",
        "is_koaza": "0",
        "is_choume": "0",
        "is_multi_place": "0",
        "is_updated": "0",
        "update_reason": "0"
    },
    {
        "code": "21201",
        "postal_old": "500  ",
        "postal_new": "5008015",
        "pref_kana": "ｷﾞﾌｹﾝ",
        "address1_kana": "ｷﾞﾌｼ",
        "address2_kana": "ﾏﾂﾔﾏﾁｮｳ",
        "pref": "岐阜県",
        "address1": "岐阜市",
        "address2": "松山町",
        "is_multi_code": "0",
        "is_koaza": "0",
        "is_choume": "0",
        "is_multi_place": "0",
        "is_updated": "0",
        "update_reason": "0"
    },
    {
        "code": "21201",
        "postal_old": "500  ",
        "postal_new": "5008016",
        "pref_kana": "ｷﾞﾌｹﾝ",
        "address1_kana": "ｷﾞﾌｼ",
        "address2_kana": "ﾏﾂｶﾞｴﾁｮｳ",
        "pref": "岐阜県",
        "address1": "岐阜市",
        "address2": "松ケ枝町",
        "is_multi_code": "0",
        "is_koaza": "0",
        "is_choume": "0",
        "is_multi_place": "0",
        "is_updated": "0",
        "update_reason": "0"
    },
    {
        "code": "21201",
        "postal_old": "500  ",
        "postal_new": "5008017",
        "pref_kana": "ｷﾞﾌｹﾝ",
        "address1_kana": "ｷﾞﾌｼ",
        "address2_kana": "ｶｼﾞｶﾜﾁｮｳ",
        "pref": "岐阜県",
        "address1": "岐阜市",
        "address2": "梶川町",
        "is_multi_code": "0",
        "is_koaza": "0",
        "is_choume": "0",
        "is_multi_place": "0",
        "is_updated": "0",
        "update_reason": "0"
    },
    {
        "code": "21201",
        "postal_old": "500  ",
        "postal_new": "5008018",
        "pref_kana": "ｷﾞﾌｹﾝ",
        "address1_kana": "ｷﾞﾌｼ",
        "address2_kana": "ﾀﾞｲﾌﾞﾂﾁｮｳ",
        "pref": "岐阜県",
        "address1": "岐阜市",
        "address2": "大仏町",
        "is_multi_code": "0",
        "is_koaza": "0",
        "is_choume": "0",
        "is_multi_place": "0",
        "is_updated": "0",
        "update_reason": "0"
    },
    {
        "code": "21201",
        "postal_old": "500  ",
        "postal_new": "5008019",
        "pref_kana": "ｷﾞﾌｹﾝ",
        "address1_kana": "ｷﾞﾌｼ",
        "address2_kana": "ﾏｽﾔﾁｮｳ",
        "pref": "岐阜県",
        "address1": "岐阜市",
        "address2": "益屋町",
        "is_multi_code": "0",
        "is_koaza": "0",
        "is_choume": "0",
        "is_multi_place": "0",
        "is_updated": "0",
        "update_reason": "0"
    },
    {
        "code": "21201",
        "postal_old": "500  ",
        "postal_new": "5008021",
        "pref_kana": "ｷﾞﾌｹﾝ",
        "address1_kana": "ｷﾞﾌｼ",
        "address2_kana": "ｶﾐﾁｬﾔﾏﾁ",
        "pref": "岐阜県",
        "address1": "岐阜市",
        "address2": "上茶屋町",
        "is_multi_code": "0",
        "is_koaza": "0",
        "is_choume": "0",
        "is_multi_place": "0",
        "is_updated": "0",
        "update_reason": "0"
    },
    {
        "code": "21201",
        "postal_old": "500  ",
        "postal_new": "5008022",
        "pref_kana": "ｷﾞﾌｹﾝ",
        "address1_kana": "ｷﾞﾌｼ",
        "address2_kana": "ｼﾓﾁｬﾔﾏﾁ",
        "pref": "岐阜県",
        "address1": "岐阜市",
        "address2": "下茶屋町",
        "is_multi_code": "0",
        "is_koaza": "0",
        "is_choume": "0",
        "is_multi_place": "0",
        "is_updated": "0",
        "update_reason": "0"
    },
    {
        "code": "21201",
        "postal_old": "500  ",
        "postal_new": "5008023",
        "pref_kana": "ｷﾞﾌｹﾝ",
        "address1_kana": "ｷﾞﾌｼ",
        "address2_kana": "ｲﾏﾏﾁ",
        "pref": "岐阜県",
        "address1": "岐阜市",
        "address2": "今町",
        "is_multi_code": "0",
        "is_koaza": "0",
        "is_choume": "1",
        "is_multi_place": "0",
        "is_updated": "0",
        "update_reason": "0"
    },
    {
        "code": "21201",
        "postal_old": "500  ",
        "postal_new": "5008024",
        "pref_kana": "ｷﾞﾌｹﾝ",
        "address1_kana": "ｷﾞﾌｼ",
        "address2_kana": "ｶﾐｼﾝﾏﾁ",
        "pref": "岐阜県",
        "address1": "岐阜市",
        "address2": "上新町",
        "is_multi_code": "0",
        "is_koaza": "0",
        "is_choume": "0",
        "is_multi_place": "0",
        "is_updated": "0",
        "update_reason": "0"
    },
    {
        "code": "21201",
        "postal_old": "500  ",
        "postal_new": "5008025",
        "pref_kana": "ｷﾞﾌｹﾝ",
        "address1_kana": "ｷﾞﾌｼ",
        "address2_kana": "ﾋｻﾔﾁｮｳ",
        "pref": "岐阜県",
        "address1": "岐阜市",
        "address2": "久屋町",
        "is_multi_code": "0",
        "is_koaza": "0",
        "is_choume": "0",
        "is_multi_place": "0",
        "is_updated": "0",
        "update_reason": "0"
    },
    {
        "code": "21201",
        "postal_old": "500  ",
        "postal_new": "5008026",
        "pref_kana": "ｷﾞﾌｹﾝ",
        "address1_kana": "ｷﾞﾌｼ",
        "address2_kana": "ｶﾐｵｵｸﾜﾁｮｳ",
        "pref": "岐阜県",
        "address1": "岐阜市",
        "address2": "上大久和町",
        "is_multi_code": "0",
        "is_koaza": "0",
        "is_choume": "0",
        "is_multi_place": "0",
        "is_updated": "0",
        "update_reason": "0"
    },
    {
        "code": "21201",
        "postal_old": "500  ",
        "postal_new": "5008027",
        "pref_kana": "ｷﾞﾌｹﾝ",
        "address1_kana": "ｷﾞﾌｼ",
        "address2_kana": "ﾅｶｵｵｸﾜﾁｮｳ",
        "pref": "岐阜県",
        "address1": "岐阜市",
        "address2": "中大桑町",
        "is_multi_code": "0",
        "is_koaza": "0",
        "is_choume": "0",
        "is_multi_place": "0",
        "is_updated": "0",
        "update_reason": "0"
    },
    {
        "code": "21201",
        "postal_old": "500  ",
        "postal_new": "5008028",
        "pref_kana": "ｷﾞﾌｹﾝ",
        "address1_kana": "ｷﾞﾌｼ",
        "address2_kana": "ﾆｼｻﾞｲﾓｸﾁｮｳ",
        "pref": "岐阜県",
        "address1": "岐阜市",
        "address2": "西材木町",
        "is_multi_code": "0",
        "is_koaza": "0",
        "is_choume": "0",
        "is_multi_place": "0",
        "is_updated": "0",
        "update_reason": "0"
    },
    {
        "code": "21201",
        "postal_old": "500  ",
        "postal_new": "5008029",
        "pref_kana": "ｷﾞﾌｹﾝ",
        "address1_kana": "ｷﾞﾌｼ",
        "address2_kana": "ﾋｶﾞｼｻﾞｲﾓｸﾁｮｳ",
        "pref": "岐阜県",
        "address1": "岐阜市",
        "address2": "東材木町",
        "is_multi_code": "0",
        "is_koaza": "0",
        "is_choume": "0",
        "is_multi_place": "0",
        "is_updated": "0",
        "update_reason": "0"
    },
    {
        "code": "21201",
        "postal_old": "500  ",
        "postal_new": "5008031",
        "pref_kana": "ｷﾞﾌｹﾝ",
        "address1_kana": "ｷﾞﾌｼ",
        "address2_kana": "ﾊﾁﾔﾁｮｳ",
        "pref": "岐阜県",
        "address1": "岐阜市",
        "address2": "蜂屋町",
        "is_multi_code": "0",
        "is_koaza": "0",
        "is_choume": "0",
        "is_multi_place": "0",
        "is_updated": "0",
        "update_reason": "0"
    },
    {
        "code": "21201",
        "postal_old": "500  ",
        "postal_new": "5008032",
        "pref_kana": "ｷﾞﾌｹﾝ",
        "address1_kana": "ｷﾞﾌｼ",
        "address2_kana": "ﾅｶｼﾝﾏﾁ",
        "pref": "岐阜県",
        "address1": "岐阜市",
        "address2": "中新町",
        "is_multi_code": "0",
        "is_koaza": "0",
        "is_choume": "0",
        "is_multi_place": "0",
        "is_updated": "0",
        "update_reason": "0"
    },
    {
        "code": "21201",
        "postal_old": "500  ",
        "postal_new": "5008033",
        "pref_kana": "ｷﾞﾌｹﾝ",
        "address1_kana": "ｷﾞﾌｼ",
        "address2_kana": "ｳｵﾔﾁｮｳ",
        "pref": "岐阜県",
        "address1": "岐阜市",
        "address2": "魚屋町",
        "is_multi_code": "0",
        "is_koaza": "0",
        "is_choume": "0",
        "is_multi_place": "0",
        "is_updated": "0",
        "update_reason": "0"
    },
    {
        "code": "21201",
        "postal_old": "500  ",
        "postal_new": "5008034",
        "pref_kana": "ｷﾞﾌｹﾝ",
        "address1_kana": "ｷﾞﾌｼ",
        "address2_kana": "ﾎﾝﾏﾁ",
        "pref": "岐阜県",
        "address1": "岐阜市",
        "address2": "本町",
        "is_multi_code": "0",
        "is_koaza": "0",
        "is_choume": "1",
        "is_multi_place": "0",
        "is_updated": "0",
        "update_reason": "0"
    },
    {
        "code": "21201",
        "postal_old": "500  ",
        "postal_new": "5008035",
        "pref_kana": "ｷﾞﾌｹﾝ",
        "address1_kana": "ｷﾞﾌｼ",
        "address2_kana": "ﾇﾉﾔﾁｮｳ",
        "pref": "岐阜県",
        "address1": "岐阜市",
        "address2": "布屋町",
        "is_multi_code": "0",
        "is_koaza": "0",
        "is_choume": "0",
        "is_multi_place": "0",
        "is_updated": "0",
        "update_reason": "0"
    },
    {
        "code": "21201",
        "postal_old": "500  ",
        "postal_new": "5008036",
        "pref_kana": "ｷﾞﾌｹﾝ",
        "address1_kana": "ｷﾞﾌｼ",
        "address2_kana": "ｼﾞﾝｴｲﾁｮｳ",
        "pref": "岐阜県",
        "address1": "岐阜市",
        "address2": "甚衛町",
        "is_multi_code": "0",
        "is_koaza": "0",
        "is_choume": "0",
        "is_multi_place": "0",
        "is_updated": "0",
        "update_reason": "0"
    },
    {
        "code": "21201",
        "postal_old": "500  ",
        "postal_new": "5008037",
        "pref_kana": "ｷﾞﾌｹﾝ",
        "address1_kana": "ｷﾞﾌｼ",
        "address2_kana": "ｼﾓｼﾝﾏﾁ",
        "pref": "岐阜県",
        "address1": "岐阜市",
        "address2": "下新町",
        "is_multi_code": "0",
        "is_koaza": "0",
        "is_choume": "0",
        "is_multi_place": "0",
        "is_updated": "0",
        "update_reason": "0"
    },
    {
        "code": "21201",
        "postal_old": "500  ",
        "postal_new": "5008038",
        "pref_kana": "ｷﾞﾌｹﾝ",
        "address1_kana": "ｷﾞﾌｼ",
        "address2_kana": "ﾀﾞｲｸﾁｮｳ",
        "pref": "岐阜県",
        "address1": "岐阜市",
        "address2": "大工町",
        "is_multi_code": "0",
        "is_koaza": "0",
        "is_choume": "0",
        "is_multi_place": "0",
        "is_updated": "0",
        "update_reason": "0"
    },
    {
        "code": "21201",
        "postal_old": "500  ",
        "postal_new": "5008039",
        "pref_kana": "ｷﾞﾌｹﾝ",
        "address1_kana": "ｷﾞﾌｼ",
        "address2_kana": "ｼﾓｵｵｸﾜﾁｮｳ",
        "pref": "岐阜県",
        "address1": "岐阜市",
        "address2": "下大桑町",
        "is_multi_code": "0",
        "is_koaza": "0",
        "is_choume": "0",
        "is_multi_place": "0",
        "is_updated": "0",
        "update_reason": "0"
    },
    {
        "code": "21201",
        "postal_old": "500  ",
        "postal_new": "5008041",
        "pref_kana": "ｷﾞﾌｹﾝ",
        "address1_kana": "ｷﾞﾌｼ",
        "address2_kana": "ｳﾂﾎﾞﾔﾁｮｳ",
        "pref": "岐阜県",
        "address1": "岐阜市",
        "address2": "靱屋町",
        "is_multi_code": "0",
        "is_koaza": "0",
        "is_choume": "0",
        "is_multi_place": "0",
        "is_updated": "0",
        "update_reason": "0"
    },
    {
        "code": "21201",
        "postal_old": "500  ",
        "postal_new": "5008042",
        "pref_kana": "ｷﾞﾌｹﾝ",
        "address1_kana": "ｷﾞﾌｼ",
        "address2_kana": "ｽｴﾋﾛﾁｮｳ",
        "pref": "岐阜県",
        "address1": "岐阜市",
        "address2": "末広町",
        "is_multi_code": "0",
        "is_koaza": "0",
        "is_choume": "0",
        "is_multi_place": "0",
        "is_updated": "0",
        "update_reason": "0"
    },
    {
        "code": "21201",
        "postal_old": "500  ",
        "postal_new": "5008043",
        "pref_kana": "ｷﾞﾌｹﾝ",
        "address1_kana": "ｷﾞﾌｼ",
        "address2_kana": "ｲﾅﾊﾞﾄﾞｵﾘ",
        "pref": "岐阜県",
        "address1": "岐阜市",
        "address2": "伊奈波通",
        "is_multi_code": "0",
        "is_koaza": "0",
        "is_choume": "1",
        "is_multi_place": "0",
        "is_updated": "0",
        "update_reason": "0"
    },
    {
        "code": "21201",
        "postal_old": "500  ",
        "postal_new": "5008044",
        "pref_kana": "ｷﾞﾌｹﾝ",
        "address1_kana": "ｷﾞﾌｼ",
        "address2_kana": "ﾏﾝﾘｷﾁｮｳ",
        "pref": "岐阜県",
        "address1": "岐阜市",
        "address2": "万力町",
        "is_multi_code": "0",
        "is_koaza": "0",
        "is_choume": "0",
        "is_multi_place": "0",
        "is_updated": "0",
        "update_reason": "0"
    },
    {
        "code": "21201",
        "postal_old": "500  ",
        "postal_new": "5008045",
        "pref_kana": "ｷﾞﾌｹﾝ",
        "address1_kana": "ｷﾞﾌｼ",
        "address2_kana": "ｼﾝｻｸﾗﾏﾁ",
        "pref": "岐阜県",
        "address1": "岐阜市",
        "address2": "新桜町",
        "is_multi_code": "0",
        "is_koaza": "0",
        "is_choume": "0",
        "is_multi_place": "0",
        "is_updated": "0",
        "update_reason": "0"
    },
    {
        "code": "21201",
        "postal_old": "500  ",
        "postal_new": "5008046",
        "pref_kana": "ｷﾞﾌｹﾝ",
        "address1_kana": "ｷﾞﾌｼ",
        "address2_kana": "ｺﾒﾔﾁｮｳ",
        "pref": "岐阜県",
        "address1": "岐阜市",
        "address2": "米屋町",
        "is_multi_code": "0",
        "is_koaza": "0",
        "is_choume": "0",
        "is_multi_place": "0",
        "is_updated": "0",
        "update_reason": "0"
    },
    {
        "code": "21201",
        "postal_old": "500  ",
        "postal_new": "5008047",
        "pref_kana": "ｷﾞﾌｹﾝ",
        "address1_kana": "ｷﾞﾌｼ",
        "address2_kana": "ﾅｶﾀｹﾔﾁｮｳ",
        "pref": "岐阜県",
        "address1": "岐阜市",
        "address2": "中竹屋町",
        "is_multi_code": "0",
        "is_koaza": "0",
        "is_choume": "0",
        "is_multi_place": "0",
        "is_updated": "0",
        "update_reason": "0"
    },
    {
        "code": "21201",
        "postal_old": "500  ",
        "postal_new": "5008048",
        "pref_kana": "ｷﾞﾌｹﾝ",
        "address1_kana": "ｷﾞﾌｼ",
        "address2_kana": "ﾔﾏﾄﾏﾁ",
        "pref": "岐阜県",
        "address1": "岐阜市",
        "address2": "大和町",
        "is_multi_code": "0",
        "is_koaza": "0",
        "is_choume": "0",
        "is_multi_place": "0",
        "is_updated": "0",
        "update_reason": "0"
    },
    {
        "code": "21201",
        "postal_old": "500  ",
        "postal_new": "5008049",
        "pref_kana": "ｷﾞﾌｹﾝ",
        "address1_kana": "ｷﾞﾌｼ",
        "address2_kana": "ｶﾐﾀｹﾔﾁｮｳ",
        "pref": "岐阜県",
        "address1": "岐阜市",
        "address2": "上竹屋町",
        "is_multi_code": "0",
        "is_koaza": "0",
        "is_choume": "0",
        "is_multi_place": "0",
        "is_updated": "0",
        "update_reason": "0"
    },
    {
        "code": "21201",
        "postal_old": "500  ",
        "postal_new": "5008051",
        "pref_kana": "ｷﾞﾌｹﾝ",
        "address1_kana": "ｷﾞﾌｼ",
        "address2_kana": "ｽﾙｶﾞﾔﾏ",
        "pref": "岐阜県",
        "address1": "岐阜市",
        "address2": "駿河山",
        "is_multi_code": "0",
        "is_koaza": "0",
        "is_choume": "0",
        "is_multi_place": "0",
        "is_updated": "0",
        "update_reason": "0"
    },
    {
        "code": "21201",
        "postal_old": "500  ",
        "postal_new": "5008052",
        "pref_kana": "ｷﾞﾌｹﾝ",
        "address1_kana": "ｷﾞﾌｼ",
        "address2_kana": "ｳｸﾞｲｽﾀﾞﾆ",
        "pref": "岐阜県",
        "address1": "岐阜市",
        "address2": "鶯谷",
        "is_multi_code": "0",
        "is_koaza": "0",
        "is_choume": "0",
        "is_multi_place": "0",
        "is_updated": "0",
        "update_reason": "0"
    },
    {
        "code": "21201",
        "postal_old": "500  ",
        "postal_new": "5008053",
        "pref_kana": "ｷﾞﾌｹﾝ",
        "address1_kana": "ｷﾞﾌｼ",
        "address2_kana": "ｳｸﾞｲｽﾀﾞﾆﾁｮｳ",
        "pref": "岐阜県",
        "address1": "岐阜市",
        "address2": "鶯谷町",
        "is_multi_code": "0",
        "is_koaza": "0",
        "is_choume": "0",
        "is_multi_place": "0",
        "is_updated": "0",
        "update_reason": "0"
    },
    {
        "code": "21201",
        "postal_old": "500  ",
        "postal_new": "5008054",
        "pref_kana": "ｷﾞﾌｹﾝ",
        "address1_kana": "ｷﾞﾌｼ",
        "address2_kana": "ﾀﾞｲﾓﾝﾁｮｳ",
        "pref": "岐阜県",
        "address1": "岐阜市",
        "address2": "大門町",
        "is_multi_code": "0",
        "is_koaza": "0",
        "is_choume": "0",
        "is_multi_place": "0",
        "is_updated": "0",
        "update_reason": "0"
    },
    {
        "code": "21201",
        "postal_old": "500  ",
        "postal_new": "5008055",
        "pref_kana": "ｷﾞﾌｹﾝ",
        "address1_kana": "ｷﾞﾌｼ",
        "address2_kana": "ｻｻﾄﾞｲﾁｮｳ",
        "pref": "岐阜県",
        "address1": "岐阜市",
        "address2": "笹土居町",
        "is_multi_code": "0",
        "is_koaza": "0",
        "is_choume": "0",
        "is_multi_place": "0",
        "is_updated": "0",
        "update_reason": "0"
    },
    {
        "code": "21201",
        "postal_old": "500  ",
        "postal_new": "5008056",
        "pref_kana": "ｷﾞﾌｹﾝ",
        "address1_kana": "ｷﾞﾌｼ",
        "address2_kana": "ｼﾓﾀｹﾁｮｳ",
        "pref": "岐阜県",
        "address1": "岐阜市",
        "address2": "下竹町",
        "is_multi_code": "0",
        "is_koaza": "0",
        "is_choume": "0",
        "is_multi_place": "0",
        "is_updated": "0",
        "update_reason": "0"
    },
    {
        "code": "21201",
        "postal_old": "500  ",
        "postal_new": "5008057",
        "pref_kana": "ｷﾞﾌｹﾝ",
        "address1_kana": "ｷﾞﾌｼ",
        "address2_kana": "ｶﾐﾀｹﾁｮｳ",
        "pref": "岐阜県",
        "address1": "岐阜市",
        "address2": "上竹町",
        "is_multi_code": "0",
        "is_koaza": "0",
        "is_choume": "0",
        "is_multi_place": "0",
        "is_updated": "0",
        "update_reason": "0"
    },
    {
        "code": "21201",
        "postal_old": "500  ",
        "postal_new": "5008058",
        "pref_kana": "ｷﾞﾌｹﾝ",
        "address1_kana": "ｷﾞﾌｼ",
        "address2_kana": "ﾄｷﾜﾁｮｳ",
        "pref": "岐阜県",
        "address1": "岐阜市",
        "address2": "常盤町",
        "is_multi_code": "0",
        "is_koaza": "0",
        "is_choume": "0",
        "is_multi_place": "0",
        "is_updated": "0",
        "update_reason": "0"
    },
    {
        "code": "21201",
        "postal_old": "500  ",
        "postal_new": "5008059",
        "pref_kana": "ｷﾞﾌｹﾝ",
        "address1_kana": "ｷﾞﾌｼ",
        "address2_kana": "ｴｲｾﾝﾁｮｳ",
        "pref": "岐阜県",
        "address1": "岐阜市",
        "address2": "栄扇町",
        "is_multi_code": "0",
        "is_koaza": "0",
        "is_choume": "0",
        "is_multi_place": "0",
        "is_updated": "0",
        "update_reason": "0"
    },
    {
        "code": "21201",
        "postal_old": "500  ",
        "postal_new": "5008061",
        "pref_kana": "ｷﾞﾌｹﾝ",
        "address1_kana": "ｷﾞﾌｼ",
        "address2_kana": "ｵｸﾞﾏﾁｮｳ",
        "pref": "岐阜県",
        "address1": "岐阜市",
        "address2": "小熊町",
        "is_multi_code": "0",
        "is_koaza": "0",
        "is_choume": "1",
        "is_multi_place": "0",
        "is_updated": "0",
        "update_reason": "0"
    },
    {
        "code": "21201",
        "postal_old": "500  ",
        "postal_new": "5008062",
        "pref_kana": "ｷﾞﾌｹﾝ",
        "address1_kana": "ｷﾞﾌｼ",
        "address2_kana": "ﾊﾂﾈﾁｮｳ",
        "pref": "岐阜県",
        "address1": "岐阜市",
        "address2": "初音町",
        "is_multi_code": "0",
        "is_koaza": "0",
        "is_choume": "0",
        "is_multi_place": "0",
        "is_updated": "0",
        "update_reason": "0"
    },
    {
        "code": "21201",
        "postal_old": "500  ",
        "postal_new": "5008063",
        "pref_kana": "ｷﾞﾌｹﾝ",
        "address1_kana": "ｷﾞﾌｼ",
        "address2_kana": "ｶﾅﾔﾖｺﾁｮｳ",
        "pref": "岐阜県",
        "address1": "岐阜市",
        "address2": "金屋横町",
        "is_multi_code": "0",
        "is_koaza": "0",
        "is_choume": "0",
        "is_multi_place": "0",
        "is_updated": "0",
        "update_reason": "0"
    },
    {
        "code": "21201",
        "postal_old": "500  ",
        "postal_new": "5008064",
        "pref_kana": "ｷﾞﾌｹﾝ",
        "address1_kana": "ｷﾞﾌｼ",
        "address2_kana": "ﾔﾅｻﾞﾜﾁｮｳ",
        "pref": "岐阜県",
        "address1": "岐阜市",
        "address2": "柳沢町",
        "is_multi_code": "0",
        "is_koaza": "0",
        "is_choume": "0",
        "is_multi_place": "0",
        "is_updated": "0",
        "update_reason": "0"
    },
    {
        "code": "21201",
        "postal_old": "500  ",
        "postal_new": "5008065",
        "pref_kana": "ｷﾞﾌｹﾝ",
        "address1_kana": "ｷﾞﾌｼ",
        "address2_kana": "ｶﾅﾔﾁｮｳ",
        "pref": "岐阜県",
        "address1": "岐阜市",
        "address2": "金屋町",
        "is_multi_code": "0",
        "is_koaza": "0",
        "is_choume": "1",
        "is_multi_place": "0",
        "is_updated": "0",
        "update_reason": "0"
    },
    {
        "code": "21201",
        "postal_old": "500  ",
        "postal_new": "5008066",
        "pref_kana": "ｷﾞﾌｹﾝ",
        "address1_kana": "ｷﾞﾌｼ",
        "address2_kana": "ｼﾓｵｵﾀﾏﾁ",
        "pref": "岐阜県",
        "address1": "岐阜市",
        "address2": "下太田町",
        "is_multi_code": "0",
        "is_koaza": "0",
        "is_choume": "0",
        "is_multi_place": "0",
        "is_updated": "0",
        "update_reason": "0"
    },
    {
        "code": "21201",
        "postal_old": "500  ",
        "postal_new": "5008067",
        "pref_kana": "ｷﾞﾌｹﾝ",
        "address1_kana": "ｷﾞﾌｼ",
        "address2_kana": "ｱｷﾂﾏﾁ",
        "pref": "岐阜県",
        "address1": "岐阜市",
        "address2": "秋津町",
        "is_multi_code": "0",
        "is_koaza": "0",
        "is_choume": "0",
        "is_multi_place": "0",
        "is_updated": "0",
        "update_reason": "0"
    },
    {
        "code": "21201",
        "postal_old": "500  ",
        "postal_new": "5008068",
        "pref_kana": "ｷﾞﾌｹﾝ",
        "address1_kana": "ｷﾞﾌｼ",
        "address2_kana": "ｶﾐｵｵﾀﾏﾁ",
        "pref": "岐阜県",
        "address1": "岐阜市",
        "address2": "上太田町",
        "is_multi_code": "0",
        "is_koaza": "0",
        "is_choume": "1",
        "is_multi_place": "0",
        "is_updated": "0",
        "update_reason": "0"
    },
    {
        "code": "21201",
        "postal_old": "500  ",
        "postal_new": "5008069",
        "pref_kana": "ｷﾞﾌｹﾝ",
        "address1_kana": "ｷﾞﾌｼ",
        "address2_kana": "ｲﾏｺﾏﾁ",
        "pref": "岐阜県",
        "address1": "岐阜市",
        "address2": "今小町",
        "is_multi_code": "0",
        "is_koaza": "0",
        "is_choume": "0",
        "is_multi_place": "0",
        "is_updated": "0",
        "update_reason": "0"
    },
    {
        "code": "21201",
        "postal_old": "500  ",
        "postal_new": "5008071",
        "pref_kana": "ｷﾞﾌｹﾝ",
        "address1_kana": "ｷﾞﾌｼ",
        "address2_kana": "ﾔﾅｷﾞﾏﾁ",
        "pref": "岐阜県",
        "address1": "岐阜市",
        "address2": "柳町",
        "is_multi_code": "0",
        "is_koaza": "0",
        "is_choume": "0",
        "is_multi_place": "0",
        "is_updated": "0",
        "update_reason": "0"
    },
    {
        "code": "21201",
        "postal_old": "500  ",
        "postal_new": "5008072",
        "pref_kana": "ｷﾞﾌｹﾝ",
        "address1_kana": "ｷﾞﾌｼ",
        "address2_kana": "ﾐﾄﾞﾘﾏﾁ",
        "pref": "岐阜県",
        "address1": "岐阜市",
        "address2": "緑町",
        "is_multi_code": "0",
        "is_koaza": "0",
        "is_choume": "0",
        "is_multi_place": "0",
        "is_updated": "0",
        "update_reason": "0"
    },
    {
        "code": "21201",
        "postal_old": "500  ",
        "postal_new": "5008073",
        "pref_kana": "ｷﾞﾌｹﾝ",
        "address1_kana": "ｷﾞﾌｼ",
        "address2_kana": "ｲｽﾞﾐﾏﾁ",
        "pref": "岐阜県",
        "address1": "岐阜市",
        "address2": "泉町",
        "is_multi_code": "0",
        "is_koaza": "0",
        "is_choume": "0",
        "is_multi_place": "0",
        "is_updated": "0",
        "update_reason": "0"
    },
    {
        "code": "21201",
        "postal_old": "500  ",
        "postal_new": "5008074",
        "pref_kana": "ｷﾞﾌｹﾝ",
        "address1_kana": "ｷﾞﾌｼ",
        "address2_kana": "ﾋﾁｹﾝﾁｮｳ",
        "pref": "岐阜県",
        "address1": "岐阜市",
        "address2": "七軒町",
        "is_multi_code": "0",
        "is_koaza": "0",
        "is_choume": "0",
        "is_multi_place": "0",
        "is_updated": "0",
        "update_reason": "0"
    },
    {
        "code": "21201",
        "postal_old": "500  ",
        "postal_new": "5008075",
        "pref_kana": "ｷﾞﾌｹﾝ",
        "address1_kana": "ｷﾞﾌｼ",
        "address2_kana": "ﾑﾛﾏﾁ",
        "pref": "岐阜県",
        "address1": "岐阜市",
        "address2": "室町",
        "is_multi_code": "0",
        "is_koaza": "0",
        "is_choume": "0",
        "is_multi_place": "0",
        "is_updated": "0",
        "update_reason": "0"
    },
    {
        "code": "21201",
        "postal_old": "500  ",
        "postal_new": "5008076",
        "pref_kana": "ｷﾞﾌｹﾝ",
        "address1_kana": "ｷﾞﾌｼ",
        "address2_kana": "ﾂｶｻﾏﾁ",
        "pref": "岐阜県",
        "address1": "岐阜市",
        "address2": "司町",
        "is_multi_code": "0",
        "is_koaza": "0",
        "is_choume": "0",
        "is_multi_place": "0",
        "is_updated": "0",
        "update_reason": "0"
    },
    {
        "code": "21201",
        "postal_old": "500  ",
        "postal_new": "5008077",
        "pref_kana": "ｷﾞﾌｹﾝ",
        "address1_kana": "ｷﾞﾌｼ",
        "address2_kana": "ｲﾌﾞｷﾁｮｳ",
        "pref": "岐阜県",
        "address1": "岐阜市",
        "address2": "伊吹町",
        "is_multi_code": "0",
        "is_koaza": "0",
        "is_choume": "1",
        "is_multi_place": "0",
        "is_updated": "0",
        "update_reason": "0"
    },
    {
        "code": "21201",
        "postal_old": "500  ",
        "postal_new": "5008078",
        "pref_kana": "ｷﾞﾌｹﾝ",
        "address1_kana": "ｷﾞﾌｼ",
        "address2_kana": "ﾔｷﾞｭｳﾁｮｳ",
        "pref": "岐阜県",
        "address1": "岐阜市",
        "address2": "柳生町",
        "is_multi_code": "0",
        "is_koaza": "0",
        "is_choume": "0",
        "is_multi_place": "0",
        "is_updated": "0",
        "update_reason": "0"
    },
    {
        "code": "21201",
        "postal_old": "500  ",
        "postal_new": "5008079",
        "pref_kana": "ｷﾞﾌｹﾝ",
        "address1_kana": "ｷﾞﾌｼ",
        "address2_kana": "ｵｽｷﾞﾁｮｳ",
        "pref": "岐阜県",
        "address1": "岐阜市",
        "address2": "御杉町",
        "is_multi_code": "0",
        "is_koaza": "0",
        "is_choume": "0",
        "is_multi_place": "0",
        "is_updated": "0",
        "update_reason": "0"
    },
    {
        "code": "21201",
        "postal_old": "500  ",
        "postal_new": "5008081",
        "pref_kana": "ｷﾞﾌｹﾝ",
        "address1_kana": "ｷﾞﾌｼ",
        "address2_kana": "ｹｲｳﾝﾁｮｳ",
        "pref": "岐阜県",
        "address1": "岐阜市",
        "address2": "啓運町",
        "is_multi_code": "0",
        "is_koaza": "0",
        "is_choume": "0",
        "is_multi_place": "0",
        "is_updated": "0",
        "update_reason": "0"
    },
    {
        "code": "21201",
        "postal_old": "500  ",
        "postal_new": "5008082",
        "pref_kana": "ｷﾞﾌｹﾝ",
        "address1_kana": "ｷﾞﾌｼ",
        "address2_kana": "ﾔｼﾞﾏﾁｮｳ",
        "pref": "岐阜県",
        "address1": "岐阜市",
        "address2": "矢島町",
        "is_multi_code": "0",
        "is_koaza": "0",
        "is_choume": "1",
        "is_multi_place": "0",
        "is_updated": "0",
        "update_reason": "0"
    },
    {
        "code": "21201",
        "postal_old": "500  ",
        "postal_new": "5008083",
        "pref_kana": "ｷﾞﾌｹﾝ",
        "address1_kana": "ｷﾞﾌｼ",
        "address2_kana": "ｱｲﾉﾏﾁ",
        "pref": "岐阜県",
        "address1": "岐阜市",
        "address2": "間之町",
        "is_multi_code": "0",
        "is_koaza": "0",
        "is_choume": "0",
        "is_multi_place": "0",
        "is_updated": "0",
        "update_reason": "0"
    },
    {
        "code": "21201",
        "postal_old": "500  ",
        "postal_new": "5008084",
        "pref_kana": "ｷﾞﾌｹﾝ",
        "address1_kana": "ｷﾞﾌｼ",
        "address2_kana": "ﾏﾂﾔﾁｮｳ",
        "pref": "岐阜県",
        "address1": "岐阜市",
        "address2": "松屋町",
        "is_multi_code": "0",
        "is_koaza": "0",
        "is_choume": "0",
        "is_multi_place": "0",
        "is_updated": "0",
        "update_reason": "0"
    },
    {
        "code": "21201",
        "postal_old": "500  ",
        "postal_new": "5008085",
        "pref_kana": "ｷﾞﾌｹﾝ",
        "address1_kana": "ｷﾞﾌｼ",
        "address2_kana": "ｼﾗｷﾁｮｳ",
        "pref": "岐阜県",
        "address1": "岐阜市",
        "address2": "白木町",
        "is_multi_code": "0",
        "is_koaza": "0",
        "is_choume": "0",
        "is_multi_place": "0",
        "is_updated": "0",
        "update_reason": "0"
    },
    {
        "code": "21201",
        "postal_old": "500  ",
        "postal_new": "5008086",
        "pref_kana": "ｷﾞﾌｹﾝ",
        "address1_kana": "ｷﾞﾌｼ",
        "address2_kana": "ｷﾂﾞｸﾘﾁｮｳ",
        "pref": "岐阜県",
        "address1": "岐阜市",
        "address2": "木造町",
        "is_multi_code": "0",
        "is_koaza": "0",
        "is_choume": "0",
        "is_multi_place": "0",
        "is_updated": "0",
        "update_reason": "0"
    },
    {
        "code": "21201",
        "postal_old": "500  ",
        "postal_new": "5008087",
        "pref_kana": "ｷﾞﾌｹﾝ",
        "address1_kana": "ｷﾞﾌｼ",
        "address2_kana": "ﾎﾘｴﾁｮｳ",
        "pref": "岐阜県",
        "address1": "岐阜市",
        "address2": "堀江町",
        "is_multi_code": "0",
        "is_koaza": "0",
        "is_choume": "0",
        "is_multi_place": "0",
        "is_updated": "0",
        "update_reason": "0"
    },
    {
        "code": "21201",
        "postal_old": "500  ",
        "postal_new": "5008088",
        "pref_kana": "ｷﾞﾌｹﾝ",
        "address1_kana": "ｷﾞﾌｼ",
        "address2_kana": "ﾖﾂﾔﾁｮｳ",
        "pref": "岐阜県",
        "address1": "岐阜市",
        "address2": "四屋町",
        "is_multi_code": "0",
        "is_koaza": "0",
        "is_choume": "0",
        "is_multi_place": "0",
        "is_updated": "0",
        "update_reason": "0"
    },
    {
        "code": "21201",
        "postal_old": "500  ",
        "postal_new": "5008089",
        "pref_kana": "ｷﾞﾌｹﾝ",
        "address1_kana": "ｷﾞﾌｼ",
        "address2_kana": "ﾜｶﾏﾂﾁｮｳ",
        "pref": "岐阜県",
        "address1": "岐阜市",
        "address2": "若松町",
        "is_multi_code": "0",
        "is_koaza": "0",
        "is_choume": "0",
        "is_multi_place": "0",
        "is_updated": "0",
        "update_reason": "0"
    }
]