[
    {
        "code": "21201",
        "postal_old": "50111",
        "postal_new": "5011101",
        "pref_kana": "ｷﾞﾌｹﾝ",
        "address1_kana": "ｷﾞﾌｼ",
        "address2_kana": "ｻﾉ",
        "pref": "岐阜県",
        "address1": "岐阜市",
        "address2": "佐野",
        "is_multi_code": "0",
        "is_koaza": "0",
        "is_choume": "0",
        "is_multi_place": "0",
        "is_updated": "0",
        "update_reason": "0"
    },
    {
        "code": "21201",
        "postal_old": "50111",
        "postal_new": "5011102",
        "pref_kana": "ｷﾞﾌｹﾝ",
        "address1_kana": "ｷﾞﾌｼ",
        "address2_kana": "ｲﾜﾘ",
        "pref": "岐阜県",
        "address1": "岐阜市",
        "address2": "岩利",
        "is_multi_code": "0",
        "is_koaza": "0",
        "is_choume": "0",
        "is_multi_place": "0",
        "is_updated": "0",
        "update_reason": "0"
    },
    {
        "code": "21201",
        "postal_old": "50111",
        "postal_new": "5011103",
        "pref_kana": "ｷﾞﾌｹﾝ",
        "address1_kana": "ｷﾞﾌｼ",
        "address2_kana": "ﾋｺｻｶｶﾜｷﾀ",
        "pref": "岐阜県",
        "address1": "岐阜市",
        "address2": "彦坂川北",
        "is_multi_code": "0",
        "is_koaza": "0",
        "is_choume": "0",
        "is_multi_place": "0",
        "is_updated": "0",
        "update_reason": "0"
    },
    {
        "code": "21201",
        "postal_old": "50111",
        "postal_new": "5011104",
        "pref_kana": "ｷﾞﾌｹﾝ",
        "address1_kana": "ｷﾞﾌｼ",
        "address2_kana": "ﾋｺｻｶｶﾜｶﾐ",
        "pref": "岐阜県",
        "address1": "岐阜市",
        "address2": "彦坂川上",
        "is_multi_code": "0",
        "is_koaza": "0",
        "is_choume": "0",
        "is_multi_place": "0",
        "is_updated": "0",
        "update_reason": "0"
    },
    {
        "code": "21201",
        "postal_old": "50111",
        "postal_new": "5011105",
        "pref_kana": "ｷﾞﾌｹﾝ",
        "address1_kana": "ｷﾞﾌｼ",
        "address2_kana": "ﾋｺｻｶ",
        "pref": "岐阜県",
        "address1": "岐阜市",
        "address2": "彦坂",
        "is_multi_code": "0",
        "is_koaza": "0",
        "is_choume": "0",
        "is_multi_place": "0",
        "is_updated": "0",
        "update_reason": "0"
    },
    {
        "code": "21201",
        "postal_old": "50111",
        "postal_new": "5011106",
        "pref_kana": "ｷﾞﾌｹﾝ",
        "address1_kana": "ｷﾞﾌｼ",
        "address2_kana": "ｲｼｶﾞｲ",
        "pref": "岐阜県",
        "address1": "岐阜市",
        "address2": "石谷",
        "is_multi_code": "0",
        "is_koaza": "0",
        "is_choume": "0",
        "is_multi_place": "0",
        "is_updated": "0",
        "update_reason": "0"
    },
    {
        "code": "21201",
        "postal_old": "50111",
        "postal_new": "5011107",
        "pref_kana": "ｷﾞﾌｹﾝ",
        "address1_kana": "ｷﾞﾌｼ",
        "address2_kana": "ﾑﾗﾔﾏ",
        "pref": "岐阜県",
        "address1": "岐阜市",
        "address2": "村山",
        "is_multi_code": "0",
        "is_koaza": "0",
        "is_choume": "0",
        "is_multi_place": "0",
        "is_updated": "0",
        "update_reason": "0"
    },
    {
        "code": "21201",
        "postal_old": "50111",
        "postal_new": "5011108",
        "pref_kana": "ｷﾞﾌｹﾝ",
        "address1_kana": "ｷﾞﾌｼ",
        "address2_kana": "ｱｼﾞｷｼﾗｺ",
        "pref": "岐阜県",
        "address1": "岐阜市",
        "address2": "安食志良古",
        "is_multi_code": "0",
        "is_koaza": "0",
        "is_choume": "0",
        "is_multi_place": "0",
        "is_updated": "0",
        "update_reason": "0"
    },
    {
        "code": "21201",
        "postal_old": "50111",
        "postal_new": "5011109",
        "pref_kana": "ｷﾞﾌｹﾝ",
        "address1_kana": "ｷﾞﾌｼ",
        "address2_kana": "ｱｼﾞｷ",
        "pref": "岐阜県",
        "address1": "岐阜市",
        "address2": "安食",
        "is_multi_code": "0",
        "is_koaza": "0",
        "is_choume": "0",
        "is_multi_place": "0",
        "is_updated": "0",
        "update_reason": "0"
    },
    {
        "code": "21201",
        "postal_old": "50111",
        "postal_new": "5011111",
        "pref_kana": "ｷﾞﾌｹﾝ",
        "address1_kana": "ｷﾞﾌｼ",
        "address2_kana": "ﾀﾞｲｶﾞｸｷﾀ",
        "pref": "岐阜県",
        "address1": "岐阜市",
        "address2": "大学北",
        "is_multi_code": "0",
        "is_koaza": "0",
        "is_choume": "1",
        "is_multi_place": "0",
        "is_updated": "0",
        "update_reason": "0"
    },
    {
        "code": "21201",
        "postal_old": "50111",
        "postal_new": "5011112",
        "pref_kana": "ｷﾞﾌｹﾝ",
        "address1_kana": "ｷﾞﾌｼ",
        "address2_kana": "ﾔﾅｷﾞﾄ",
        "pref": "岐阜県",
        "address1": "岐阜市",
        "address2": "柳戸",
        "is_multi_code": "0",
        "is_koaza": "0",
        "is_choume": "0",
        "is_multi_place": "0",
        "is_updated": "0",
        "update_reason": "0"
    },
    {
        "code": "21201",
        "postal_old": "50111",
        "postal_new": "5011113",
        "pref_kana": "ｷﾞﾌｹﾝ",
        "address1_kana": "ｷﾞﾌｼ",
        "address2_kana": "ﾀﾞｲｶﾞｸﾆｼ",
        "pref": "岐阜県",
        "address1": "岐阜市",
        "address2": "大学西",
        "is_multi_code": "0",
        "is_koaza": "0",
        "is_choume": "1",
        "is_multi_place": "0",
        "is_updated": "0",
        "update_reason": "0"
    },
    {
        "code": "21201",
        "postal_old": "50111",
        "postal_new": "5011114",
        "pref_kana": "ｷﾞﾌｹﾝ",
        "address1_kana": "ｷﾞﾌｼ",
        "address2_kana": "ｲﾏｶﾞﾜ",
        "pref": "岐阜県",
        "address1": "岐阜市",
        "address2": "今川",
        "is_multi_code": "0",
        "is_koaza": "0",
        "is_choume": "0",
        "is_multi_place": "0",
        "is_updated": "0",
        "update_reason": "0"
    },
    {
        "code": "21201",
        "postal_old": "50111",
        "postal_new": "5011115",
        "pref_kana": "ｷﾞﾌｹﾝ",
        "address1_kana": "ｷﾞﾌｼ",
        "address2_kana": "ﾏｼﾄ",
        "pref": "岐阜県",
        "address1": "岐阜市",
        "address2": "交人",
        "is_multi_code": "0",
        "is_koaza": "0",
        "is_choume": "0",
        "is_multi_place": "0",
        "is_updated": "0",
        "update_reason": "0"
    },
    {
        "code": "21201",
        "postal_old": "50111",
        "postal_new": "5011116",
        "pref_kana": "ｷﾞﾌｹﾝ",
        "address1_kana": "ｷﾞﾌｼ",
        "address2_kana": "ﾌｶｻｶ",
        "pref": "岐阜県",
        "address1": "岐阜市",
        "address2": "深坂",
        "is_multi_code": "0",
        "is_koaza": "0",
        "is_choume": "1",
        "is_multi_place": "0",
        "is_updated": "0",
        "update_reason": "0"
    },
    {
        "code": "21201",
        "postal_old": "50111",
        "postal_new": "5011121",
        "pref_kana": "ｷﾞﾌｹﾝ",
        "address1_kana": "ｷﾞﾌｼ",
        "address2_kana": "ﾌﾙｲﾁﾊﾞ",
        "pref": "岐阜県",
        "address1": "岐阜市",
        "address2": "古市場",
        "is_multi_code": "0",
        "is_koaza": "0",
        "is_choume": "0",
        "is_multi_place": "0",
        "is_updated": "0",
        "update_reason": "0"
    },
    {
        "code": "21201",
        "postal_old": "50111",
        "postal_new": "5011122",
        "pref_kana": "ｷﾞﾌｹﾝ",
        "address1_kana": "ｷﾞﾌｼ",
        "address2_kana": "ﾌﾙｲﾁﾊﾞｵｲﾉｶﾐ",
        "pref": "岐阜県",
        "address1": "岐阜市",
        "address2": "古市場老ノ上",
        "is_multi_code": "0",
        "is_koaza": "0",
        "is_choume": "0",
        "is_multi_place": "0",
        "is_updated": "0",
        "update_reason": "0"
    },
    {
        "code": "21201",
        "postal_old": "50111",
        "postal_new": "5011123",
        "pref_kana": "ｷﾞﾌｹﾝ",
        "address1_kana": "ｷﾞﾌｼ",
        "address2_kana": "ﾌﾙｲﾁﾊﾞﾀｶﾀﾞ",
        "pref": "岐阜県",
        "address1": "岐阜市",
        "address2": "古市場高田",
        "is_multi_code": "0",
        "is_koaza": "0",
        "is_choume": "0",
        "is_multi_place": "0",
        "is_updated": "0",
        "update_reason": "0"
    },
    {
        "code": "21201",
        "postal_old": "50111",
        "postal_new": "5011124",
        "pref_kana": "ｷﾞﾌｹﾝ",
        "address1_kana": "ｷﾞﾌｼ",
        "address2_kana": "ﾌﾙｲﾁﾊﾞﾅｶﾊﾗ",
        "pref": "岐阜県",
        "address1": "岐阜市",
        "address2": "古市場中原",
        "is_multi_code": "0",
        "is_koaza": "0",
        "is_choume": "0",
        "is_multi_place": "0",
        "is_updated": "0",
        "update_reason": "0"
    },
    {
        "code": "21201",
        "postal_old": "50111",
        "postal_new": "5011125",
        "pref_kana": "ｷﾞﾌｹﾝ",
        "address1_kana": "ｷﾞﾌｼ",
        "address2_kana": "ﾌﾙｲﾁﾊﾞﾋｶﾞｼﾏﾁﾀﾞ",
        "pref": "岐阜県",
        "address1": "岐阜市",
        "address2": "古市場東町田",
        "is_multi_code": "0",
        "is_koaza": "0",
        "is_choume": "0",
        "is_multi_place": "0",
        "is_updated": "0",
        "update_reason": "0"
    },
    {
        "code": "21201",
        "postal_old": "50111",
        "postal_new": "5011126",
        "pref_kana": "ｷﾞﾌｹﾝ",
        "address1_kana": "ｷﾞﾌｼ",
        "address2_kana": "ﾌﾙｲﾁﾊﾞﾀｶﾐﾔ",
        "pref": "岐阜県",
        "address1": "岐阜市",
        "address2": "古市場高宮",
        "is_multi_code": "0",
        "is_koaza": "0",
        "is_choume": "0",
        "is_multi_place": "0",
        "is_updated": "0",
        "update_reason": "0"
    },
    {
        "code": "21201",
        "postal_old": "50111",
        "postal_new": "5011127",
        "pref_kana": "ｷﾞﾌｹﾝ",
        "address1_kana": "ｷﾞﾌｼ",
        "address2_kana": "ﾌﾙｲﾁﾊﾞｼﾞﾝﾃﾞﾝ",
        "pref": "岐阜県",
        "address1": "岐阜市",
        "address2": "古市場神田",
        "is_multi_code": "0",
        "is_koaza": "0",
        "is_choume": "0",
        "is_multi_place": "0",
        "is_updated": "0",
        "update_reason": "0"
    },
    {
        "code": "21201",
        "postal_old": "50111",
        "postal_new": "5011128",
        "pref_kana": "ｷﾞﾌｹﾝ",
        "address1_kana": "ｷﾞﾌｼ",
        "address2_kana": "ﾎﾗ",
        "pref": "岐阜県",
        "address1": "岐阜市",
        "address2": "洞",
        "is_multi_code": "0",
        "is_koaza": "0",
        "is_choume": "0",
        "is_multi_place": "0",
        "is_updated": "0",
        "update_reason": "0"
    },
    {
        "code": "21201",
        "postal_old": "50111",
        "postal_new": "5011131",
        "pref_kana": "ｷﾞﾌｹﾝ",
        "address1_kana": "ｷﾞﾌｼ",
        "address2_kana": "ｸﾛﾉ",
        "pref": "岐阜県",
        "address1": "岐阜市",
        "address2": "黒野",
        "is_multi_code": "0",
        "is_koaza": "0",
        "is_choume": "0",
        "is_multi_place": "0",
        "is_updated": "0",
        "update_reason": "0"
    },
    {
        "code": "21201",
        "postal_old": "50111",
        "postal_new": "5011132",
        "pref_kana": "ｷﾞﾌｹﾝ",
        "address1_kana": "ｷﾞﾌｼ",
        "address2_kana": "ｵﾘﾀﾃ",
        "pref": "岐阜県",
        "address1": "岐阜市",
        "address2": "折立",
        "is_multi_code": "0",
        "is_koaza": "0",
        "is_choume": "0",
        "is_multi_place": "0",
        "is_updated": "0",
        "update_reason": "0"
    },
    {
        "code": "21201",
        "postal_old": "50111",
        "postal_new": "5011133",
        "pref_kana": "ｷﾞﾌｹﾝ",
        "address1_kana": "ｷﾞﾌｼ",
        "address2_kana": "ｷﾀｶｷｶﾞｾ",
        "pref": "岐阜県",
        "address1": "岐阜市",
        "address2": "北柿ケ瀬",
        "is_multi_code": "0",
        "is_koaza": "0",
        "is_choume": "0",
        "is_multi_place": "0",
        "is_updated": "0",
        "update_reason": "0"
    },
    {
        "code": "21201",
        "postal_old": "50111",
        "postal_new": "5011134",
        "pref_kana": "ｷﾞﾌｹﾝ",
        "address1_kana": "ｷﾞﾌｼ",
        "address2_kana": "ﾐﾅﾐｶｷｶﾞｾ",
        "pref": "岐阜県",
        "address1": "岐阜市",
        "address2": "南柿ケ瀬",
        "is_multi_code": "0",
        "is_koaza": "0",
        "is_choume": "0",
        "is_multi_place": "0",
        "is_updated": "0",
        "update_reason": "0"
    },
    {
        "code": "21201",
        "postal_old": "50111",
        "postal_new": "5011135",
        "pref_kana": "ｷﾞﾌｹﾝ",
        "address1_kana": "ｷﾞﾌｼ",
        "address2_kana": "ｷﾀﾞ",
        "pref": "岐阜県",
        "address1": "岐阜市",
        "address2": "木田",
        "is_multi_code": "0",
        "is_koaza": "0",
        "is_choume": "1",
        "is_multi_place": "0",
        "is_updated": "0",
        "update_reason": "0"
    },
    {
        "code": "21201",
        "postal_old": "50111",
        "postal_new": "5011136",
        "pref_kana": "ｷﾞﾌｹﾝ",
        "address1_kana": "ｷﾞﾌｼ",
        "address2_kana": "ｸﾛﾉﾐﾅﾐ",
        "pref": "岐阜県",
        "address1": "岐阜市",
        "address2": "黒野南",
        "is_multi_code": "0",
        "is_koaza": "0",
        "is_choume": "1",
        "is_multi_place": "0",
        "is_updated": "0",
        "update_reason": "0"
    },
    {
        "code": "21201",
        "postal_old": "50111",
        "postal_new": "5011141",
        "pref_kana": "ｷﾞﾌｹﾝ",
        "address1_kana": "ｷﾞﾌｼ",
        "address2_kana": "ﾋｶﾞｼｲﾀﾔ",
        "pref": "岐阜県",
        "address1": "岐阜市",
        "address2": "東板谷",
        "is_multi_code": "0",
        "is_koaza": "0",
        "is_choume": "0",
        "is_multi_place": "0",
        "is_updated": "0",
        "update_reason": "0"
    },
    {
        "code": "21201",
        "postal_old": "50111",
        "postal_new": "5011142",
        "pref_kana": "ｷﾞﾌｹﾝ",
        "address1_kana": "ｷﾞﾌｼ",
        "address2_kana": "ﾋｶﾞｼｶｲﾃﾞﾝ",
        "pref": "岐阜県",
        "address1": "岐阜市",
        "address2": "東改田",
        "is_multi_code": "0",
        "is_koaza": "0",
        "is_choume": "0",
        "is_multi_place": "0",
        "is_updated": "0",
        "update_reason": "0"
    },
    {
        "code": "21201",
        "postal_old": "50111",
        "postal_new": "5011143",
        "pref_kana": "ｷﾞﾌｹﾝ",
        "address1_kana": "ｷﾞﾌｼ",
        "address2_kana": "ﾋｶﾞｼｶｲﾃﾞﾝﾂﾙﾀ",
        "pref": "岐阜県",
        "address1": "岐阜市",
        "address2": "東改田鶴田",
        "is_multi_code": "0",
        "is_koaza": "0",
        "is_choume": "0",
        "is_multi_place": "0",
        "is_updated": "0",
        "update_reason": "0"
    },
    {
        "code": "21201",
        "postal_old": "50111",
        "postal_new": "5011144",
        "pref_kana": "ｷﾞﾌｹﾝ",
        "address1_kana": "ｷﾞﾌｼ",
        "address2_kana": "ﾋｶﾞｼｶｲﾃﾞﾝｻｲｶﾁ",
        "pref": "岐阜県",
        "address1": "岐阜市",
        "address2": "東改田再勝",
        "is_multi_code": "0",
        "is_koaza": "0",
        "is_choume": "0",
        "is_multi_place": "0",
        "is_updated": "0",
        "update_reason": "0"
    },
    {
        "code": "21201",
        "postal_old": "50111",
        "postal_new": "5011145",
        "pref_kana": "ｷﾞﾌｹﾝ",
        "address1_kana": "ｷﾞﾌｼ",
        "address2_kana": "ﾋｶﾞｼｶｲﾃﾞﾝｺｼﾏｴﾀﾞ",
        "pref": "岐阜県",
        "address1": "岐阜市",
        "address2": "東改田腰前田",
        "is_multi_code": "0",
        "is_koaza": "0",
        "is_choume": "0",
        "is_multi_place": "0",
        "is_updated": "0",
        "update_reason": "0"
    },
    {
        "code": "21201",
        "postal_old": "50111",
        "postal_new": "5011146",
        "pref_kana": "ｷﾞﾌｹﾝ",
        "address1_kana": "ｷﾞﾌｼ",
        "address2_kana": "ｼﾓｼｯｹ",
        "pref": "岐阜県",
        "address1": "岐阜市",
        "address2": "下尻毛",
        "is_multi_code": "0",
        "is_koaza": "0",
        "is_choume": "0",
        "is_multi_place": "0",
        "is_updated": "0",
        "update_reason": "0"
    },
    {
        "code": "21201",
        "postal_old": "50111",
        "postal_new": "5011147",
        "pref_kana": "ｷﾞﾌｹﾝ",
        "address1_kana": "ｷﾞﾌｼ",
        "address2_kana": "ｼｯｹ",
        "pref": "岐阜県",
        "address1": "岐阜市",
        "address2": "尻毛",
        "is_multi_code": "0",
        "is_koaza": "0",
        "is_choume": "1",
        "is_multi_place": "0",
        "is_updated": "0",
        "update_reason": "0"
    },
    {
        "code": "21201",
        "postal_old": "50111",
        "postal_new": "5011148",
        "pref_kana": "ｷﾞﾌｹﾝ",
        "address1_kana": "ｷﾞﾌｼ",
        "address2_kana": "ｶﾐｼｯｹﾋﾖｼ",
        "pref": "岐阜県",
        "address1": "岐阜市",
        "address2": "上尻毛日吉",
        "is_multi_code": "0",
        "is_koaza": "0",
        "is_choume": "0",
        "is_multi_place": "0",
        "is_updated": "0",
        "update_reason": "0"
    },
    {
        "code": "21201",
        "postal_old": "50111",
        "postal_new": "5011149",
        "pref_kana": "ｷﾞﾌｹﾝ",
        "address1_kana": "ｷﾞﾌｼ",
        "address2_kana": "ｶﾐｼｯｹﾊﾁﾏﾝ",
        "pref": "岐阜県",
        "address1": "岐阜市",
        "address2": "上尻毛八幡",
        "is_multi_code": "0",
        "is_koaza": "0",
        "is_choume": "0",
        "is_multi_place": "0",
        "is_updated": "0",
        "update_reason": "0"
    },
    {
        "code": "21201",
        "postal_old": "50111",
        "postal_new": "5011150",
        "pref_kana": "ｷﾞﾌｹﾝ",
        "address1_kana": "ｷﾞﾌｼ",
        "address2_kana": "ｶﾐｼｯｹ",
        "pref": "岐阜県",
        "address1": "岐阜市",
        "address2": "上尻毛",
        "is_multi_code": "0",
        "is_koaza": "0",
        "is_choume": "0",
        "is_multi_place": "0",
        "is_updated": "0",
        "update_reason": "0"
    },
    {
        "code": "21201",
        "postal_old": "50111",
        "postal_new": "5011151",
        "pref_kana": "ｷﾞﾌｹﾝ",
        "address1_kana": "ｷﾞﾌｼ",
        "address2_kana": "ｶﾜﾍﾞ",
        "pref": "岐阜県",
        "address1": "岐阜市",
        "address2": "川部",
        "is_multi_code": "0",
        "is_koaza": "0",
        "is_choume": "1",
        "is_multi_place": "0",
        "is_updated": "0",
        "update_reason": "0"
    },
    {
        "code": "21201",
        "postal_old": "50111",
        "postal_new": "5011152",
        "pref_kana": "ｷﾞﾌｹﾝ",
        "address1_kana": "ｷﾞﾌｼ",
        "address2_kana": "ﾏﾀﾏﾙ",
        "pref": "岐阜県",
        "address1": "岐阜市",
        "address2": "又丸",
        "is_multi_code": "0",
        "is_koaza": "0",
        "is_choume": "0",
        "is_multi_place": "0",
        "is_updated": "0",
        "update_reason": "0"
    },
    {
        "code": "21201",
        "postal_old": "50111",
        "postal_new": "5011153",
        "pref_kana": "ｷﾞﾌｹﾝ",
        "address1_kana": "ｷﾞﾌｼ",
        "address2_kana": "ﾏﾀﾏﾙﾁｮｳﾊﾞﾀ",
        "pref": "岐阜県",
        "address1": "岐阜市",
        "address2": "又丸町畑",
        "is_multi_code": "0",
        "is_koaza": "0",
        "is_choume": "0",
        "is_multi_place": "0",
        "is_updated": "0",
        "update_reason": "0"
    },
    {
        "code": "21201",
        "postal_old": "50111",
        "postal_new": "5011154",
        "pref_kana": "ｷﾞﾌｹﾝ",
        "address1_kana": "ｷﾞﾌｼ",
        "address2_kana": "ﾏﾀﾏﾙﾔﾅｷﾞﾏﾁ",
        "pref": "岐阜県",
        "address1": "岐阜市",
        "address2": "又丸柳町",
        "is_multi_code": "0",
        "is_koaza": "0",
        "is_choume": "0",
        "is_multi_place": "0",
        "is_updated": "0",
        "update_reason": "0"
    },
    {
        "code": "21201",
        "postal_old": "50111",
        "postal_new": "5011155",
        "pref_kana": "ｷﾞﾌｹﾝ",
        "address1_kana": "ｷﾞﾌｼ",
        "address2_kana": "ﾏﾀﾏﾙﾐﾔﾋｶﾞｼ",
        "pref": "岐阜県",
        "address1": "岐阜市",
        "address2": "又丸宮東",
        "is_multi_code": "0",
        "is_koaza": "0",
        "is_choume": "0",
        "is_multi_place": "0",
        "is_updated": "0",
        "update_reason": "0"
    },
    {
        "code": "21201",
        "postal_old": "50111",
        "postal_new": "5011156",
        "pref_kana": "ｷﾞﾌｹﾝ",
        "address1_kana": "ｷﾞﾌｼ",
        "address2_kana": "ﾏﾀﾏﾙﾂｼﾏ",
        "pref": "岐阜県",
        "address1": "岐阜市",
        "address2": "又丸津島",
        "is_multi_code": "0",
        "is_koaza": "0",
        "is_choume": "0",
        "is_multi_place": "0",
        "is_updated": "0",
        "update_reason": "0"
    },
    {
        "code": "21201",
        "postal_old": "50111",
        "postal_new": "5011157",
        "pref_kana": "ｷﾞﾌｹﾝ",
        "address1_kana": "ｷﾞﾌｼ",
        "address2_kana": "ﾏﾀﾏﾙﾑﾗﾅｶ",
        "pref": "岐阜県",
        "address1": "岐阜市",
        "address2": "又丸村中",
        "is_multi_code": "0",
        "is_koaza": "0",
        "is_choume": "0",
        "is_multi_place": "0",
        "is_updated": "0",
        "update_reason": "0"
    },
    {
        "code": "21201",
        "postal_old": "50111",
        "postal_new": "5011158",
        "pref_kana": "ｷﾞﾌｹﾝ",
        "address1_kana": "ｷﾞﾌｼ",
        "address2_kana": "ﾆｼｶｲﾃﾞﾝｾﾝﾄﾞｳ",
        "pref": "岐阜県",
        "address1": "岐阜市",
        "address2": "西改田先道",
        "is_multi_code": "0",
        "is_koaza": "0",
        "is_choume": "0",
        "is_multi_place": "0",
        "is_updated": "0",
        "update_reason": "0"
    },
    {
        "code": "21201",
        "postal_old": "50111",
        "postal_new": "5011159",
        "pref_kana": "ｷﾞﾌｹﾝ",
        "address1_kana": "ｷﾞﾌｼ",
        "address2_kana": "ﾆｼｶｲﾃﾞﾝ",
        "pref": "岐阜県",
        "address1": "岐阜市",
        "address2": "西改田",
        "is_multi_code": "0",
        "is_koaza": "0",
        "is_choume": "0",
        "is_multi_place": "1",
        "is_updated": "0",
        "update_reason": "0"
    },
    {
        "code": "21201",
        "postal_old": "50111",
        "postal_new": "5011159",
        "pref_kana": "ｷﾞﾌｹﾝ",
        "address1_kana": "ｷﾞﾌｼ",
        "address2_kana": "ﾆｼｶｲﾃﾞﾝﾏﾂﾉｷ",
        "pref": "岐阜県",
        "address1": "岐阜市",
        "address2": "西改田松の木",
        "is_multi_code": "0",
        "is_koaza": "0",
        "is_choume": "0",
        "is_multi_place": "1",
        "is_updated": "0",
        "update_reason": "0"
    },
    {
        "code": "21201",
        "postal_old": "50111",
        "postal_new": "5011161",
        "pref_kana": "ｷﾞﾌｹﾝ",
        "address1_kana": "ｷﾞﾌｼ",
        "address2_kana": "ﾆｼｶｲﾃﾞﾝｶﾜﾑｶｲ",
        "pref": "岐阜県",
        "address1": "岐阜市",
        "address2": "西改田川向",
        "is_multi_code": "0",
        "is_koaza": "0",
        "is_choume": "0",
        "is_multi_place": "0",
        "is_updated": "0",
        "update_reason": "0"
    },
    {
        "code": "21201",
        "postal_old": "50111",
        "postal_new": "5011162",
        "pref_kana": "ｷﾞﾌｹﾝ",
        "address1_kana": "ｷﾞﾌｼ",
        "address2_kana": "ﾆｼｶｲﾃﾞﾝﾜｶﾐﾔ",
        "pref": "岐阜県",
        "address1": "岐阜市",
        "address2": "西改田若宮",
        "is_multi_code": "0",
        "is_koaza": "0",
        "is_choume": "0",
        "is_multi_place": "0",
        "is_updated": "0",
        "update_reason": "0"
    },
    {
        "code": "21201",
        "postal_old": "50111",
        "postal_new": "5011163",
        "pref_kana": "ｷﾞﾌｹﾝ",
        "address1_kana": "ｷﾞﾌｼ",
        "address2_kana": "ﾆｼｶｲﾃﾞﾝｺﾒﾉ",
        "pref": "岐阜県",
        "address1": "岐阜市",
        "address2": "西改田米野",
        "is_multi_code": "0",
        "is_koaza": "0",
        "is_choume": "0",
        "is_multi_place": "0",
        "is_updated": "0",
        "update_reason": "0"
    },
    {
        "code": "21201",
        "postal_old": "50111",
        "postal_new": "5011164",
        "pref_kana": "ｷﾞﾌｹﾝ",
        "address1_kana": "ｷﾞﾌｼ",
        "address2_kana": "ﾆｼｶｲﾃﾞﾝﾋｶﾞｼｶｲﾃﾞﾝｲﾘｱｲﾁ",
        "pref": "岐阜県",
        "address1": "岐阜市",
        "address2": "西改田東改田入会地",
        "is_multi_code": "0",
        "is_koaza": "0",
        "is_choume": "0",
        "is_multi_place": "0",
        "is_updated": "0",
        "update_reason": "0"
    },
    {
        "code": "21201",
        "postal_old": "50111",
        "postal_new": "5011165",
        "pref_kana": "ｷﾞﾌｹﾝ",
        "address1_kana": "ｷﾞﾌｼ",
        "address2_kana": "ﾆｼｶｲﾃﾞﾝﾐﾔﾆｼ",
        "pref": "岐阜県",
        "address1": "岐阜市",
        "address2": "西改田宮西",
        "is_multi_code": "0",
        "is_koaza": "0",
        "is_choume": "0",
        "is_multi_place": "0",
        "is_updated": "0",
        "update_reason": "0"
    },
    {
        "code": "21201",
        "postal_old": "50111",
        "postal_new": "5011166",
        "pref_kana": "ｷﾞﾌｹﾝ",
        "address1_kana": "ｷﾞﾌｼ",
        "address2_kana": "ﾆｼｶｲﾃﾞﾝﾑﾗﾏｴ",
        "pref": "岐阜県",
        "address1": "岐阜市",
        "address2": "西改田村前",
        "is_multi_code": "0",
        "is_koaza": "0",
        "is_choume": "0",
        "is_multi_place": "0",
        "is_updated": "0",
        "update_reason": "0"
    },
    {
        "code": "21201",
        "postal_old": "50111",
        "postal_new": "5011167",
        "pref_kana": "ｷﾞﾌｹﾝ",
        "address1_kana": "ｷﾞﾌｼ",
        "address2_kana": "ﾆｼｶｲﾃﾞﾝﾅﾂﾒ",
        "pref": "岐阜県",
        "address1": "岐阜市",
        "address2": "西改田夏梅",
        "is_multi_code": "0",
        "is_koaza": "0",
        "is_choume": "0",
        "is_multi_place": "0",
        "is_updated": "0",
        "update_reason": "0"
    },
    {
        "code": "21201",
        "postal_old": "50111",
        "postal_new": "5011168",
        "pref_kana": "ｷﾞﾌｹﾝ",
        "address1_kana": "ｷﾞﾌｼ",
        "address2_kana": "ﾆｼｶｲﾃﾞﾝｳｴﾉﾏﾁ",
        "pref": "岐阜県",
        "address1": "岐阜市",
        "address2": "西改田上の町",
        "is_multi_code": "0",
        "is_koaza": "0",
        "is_choume": "0",
        "is_multi_place": "0",
        "is_updated": "0",
        "update_reason": "0"
    },
    {
        "code": "21201",
        "postal_old": "50111",
        "postal_new": "5011169",
        "pref_kana": "ｷﾞﾌｹﾝ",
        "address1_kana": "ｷﾞﾌｼ",
        "address2_kana": "ﾆｼｶｲﾃﾞﾝﾋﾁｺｸ",
        "pref": "岐阜県",
        "address1": "岐阜市",
        "address2": "西改田七石",
        "is_multi_code": "0",
        "is_koaza": "0",
        "is_choume": "0",
        "is_multi_place": "0",
        "is_updated": "0",
        "update_reason": "0"
    },
    {
        "code": "21201",
        "postal_old": "50111",
        "postal_new": "5011171",
        "pref_kana": "ｷﾞﾌｹﾝ",
        "address1_kana": "ｷﾞﾌｼ",
        "address2_kana": "ｺﾞﾓ",
        "pref": "岐阜県",
        "address1": "岐阜市",
        "address2": "御望",
        "is_multi_code": "0",
        "is_koaza": "0",
        "is_choume": "1",
        "is_multi_place": "0",
        "is_updated": "0",
        "update_reason": "0"
    },
    {
        "code": "21201",
        "postal_old": "50111",
        "postal_new": "5011172",
        "pref_kana": "ｷﾞﾌｹﾝ",
        "address1_kana": "ｷﾞﾌｼ",
        "address2_kana": "ｼﾓｳｶｲ",
        "pref": "岐阜県",
        "address1": "岐阜市",
        "address2": "下鵜飼",
        "is_multi_code": "0",
        "is_koaza": "0",
        "is_choume": "1",
        "is_multi_place": "0",
        "is_updated": "0",
        "update_reason": "0"
    },
    {
        "code": "21201",
        "postal_old": "50111",
        "postal_new": "5011173",
        "pref_kana": "ｷﾞﾌｹﾝ",
        "address1_kana": "ｷﾞﾌｼ",
        "address2_kana": "ﾅｶ",
        "pref": "岐阜県",
        "address1": "岐阜市",
        "address2": "中",
        "is_multi_code": "0",
        "is_koaza": "0",
        "is_choume": "1",
        "is_multi_place": "0",
        "is_updated": "0",
        "update_reason": "0"
    },
    {
        "code": "21201",
        "postal_old": "50111",
        "postal_new": "5011174",
        "pref_kana": "ｷﾞﾌｹﾝ",
        "address1_kana": "ｷﾞﾌｼ",
        "address2_kana": "ｺﾉ",
        "pref": "岐阜県",
        "address1": "岐阜市",
        "address2": "小野",
        "is_multi_code": "0",
        "is_koaza": "0",
        "is_choume": "1",
        "is_multi_place": "0",
        "is_updated": "0",
        "update_reason": "0"
    },
    {
        "code": "21201",
        "postal_old": "50111",
        "postal_new": "5011175",
        "pref_kana": "ｷﾞﾌｹﾝ",
        "address1_kana": "ｷﾞﾌｼ",
        "address2_kana": "ｼﾓｻｲｺﾞｳ",
        "pref": "岐阜県",
        "address1": "岐阜市",
        "address2": "下西郷",
        "is_multi_code": "0",
        "is_koaza": "0",
        "is_choume": "1",
        "is_multi_place": "0",
        "is_updated": "0",
        "update_reason": "0"
    },
    {
        "code": "21201",
        "postal_old": "50111",
        "postal_new": "5011176",
        "pref_kana": "ｷﾞﾌｹﾝ",
        "address1_kana": "ｷﾞﾌｼ",
        "address2_kana": "ｺｻｲｺﾞｳ",
        "pref": "岐阜県",
        "address1": "岐阜市",
        "address2": "小西郷",
        "is_multi_code": "0",
        "is_koaza": "0",
        "is_choume": "1",
        "is_multi_place": "0",
        "is_updated": "0",
        "update_reason": "0"
    },
    {
        "code": "21201",
        "postal_old": "50111",
        "postal_new": "5011177",
        "pref_kana": "ｷﾞﾌｹﾝ",
        "address1_kana": "ｷﾞﾌｼ",
        "address2_kana": "ﾅｶｻｲｺﾞｳ",
        "pref": "岐阜県",
        "address1": "岐阜市",
        "address2": "中西郷",
        "is_multi_code": "0",
        "is_koaza": "0",
        "is_choume": "1",
        "is_multi_place": "0",
        "is_updated": "0",
        "update_reason": "0"
    },
    {
        "code": "21201",
        "postal_old": "50111",
        "postal_new": "5011178",
        "pref_kana": "ｷﾞﾌｹﾝ",
        "address1_kana": "ｷﾞﾌｼ",
        "address2_kana": "ｶﾐｻｲｺﾞｳ",
        "pref": "岐阜県",
        "address1": "岐阜市",
        "address2": "上西郷",
        "is_multi_code": "0",
        "is_koaza": "0",
        "is_choume": "1",
        "is_multi_place": "0",
        "is_updated": "0",
        "update_reason": "0"
    },
    {
        "code": "21201",
        "postal_old": "50111",
        "postal_new": "5011181",
        "pref_kana": "ｷﾞﾌｹﾝ",
        "address1_kana": "ｷﾞﾌｼ",
        "address2_kana": "ﾋﾅｸﾗ",
        "pref": "岐阜県",
        "address1": "岐阜市",
        "address2": "雛倉",
        "is_multi_code": "0",
        "is_koaza": "0",
        "is_choume": "1",
        "is_multi_place": "0",
        "is_updated": "0",
        "update_reason": "0"
    },
    {
        "code": "21201",
        "postal_old": "50111",
        "postal_new": "5011182",
        "pref_kana": "ｷﾞﾌｹﾝ",
        "address1_kana": "ｷﾞﾌｼ",
        "address2_kana": "ｱｷｻﾜ",
        "pref": "岐阜県",
        "address1": "岐阜市",
        "address2": "秋沢",
        "is_multi_code": "0",
        "is_koaza": "0",
        "is_choume": "1",
        "is_multi_place": "0",
        "is_updated": "0",
        "update_reason": "0"
    },
    {
        "code": "21201",
        "postal_old": "50111",
        "postal_new": "5011183",
        "pref_kana": "ｷﾞﾌｹﾝ",
        "address1_kana": "ｷﾞﾌｼ",
        "address2_kana": "ﾉﾘﾏﾂ",
        "pref": "岐阜県",
        "address1": "岐阜市",
        "address2": "則松",
        "is_multi_code": "0",
        "is_koaza": "0",
        "is_choume": "1",
        "is_multi_place": "0",
        "is_updated": "0",
        "update_reason": "0"
    },
    {
        "code": "21201",
        "postal_old": "50111",
        "postal_new": "5011184",
        "pref_kana": "ｷﾞﾌｹﾝ",
        "address1_kana": "ｷﾞﾌｼ",
        "address2_kana": "ﾆｼｱｷｻﾜ",
        "pref": "岐阜県",
        "address1": "岐阜市",
        "address2": "西秋沢",
        "is_multi_code": "0",
        "is_koaza": "0",
        "is_choume": "1",
        "is_multi_place": "0",
        "is_updated": "0",
        "update_reason": "0"
    },
    {
        "code": "21201",
        "postal_old": "50111",
        "postal_new": "5011185",
        "pref_kana": "ｷﾞﾌｹﾝ",
        "address1_kana": "ｷﾞﾌｼ",
        "address2_kana": "ｵｸ",
        "pref": "岐阜県",
        "address1": "岐阜市",
        "address2": "奥",
        "is_multi_code": "0",
        "is_koaza": "0",
        "is_choume": "1",
        "is_multi_place": "0",
        "is_updated": "0",
        "update_reason": "0"
    },
    {
        "code": "21201",
        "postal_old": "50114",
        "postal_new": "5011186",
        "pref_kana": "ｷﾞﾌｹﾝ",
        "address1_kana": "ｷﾞﾌｼ",
        "address2_kana": "ﾄﾔﾏ",
        "pref": "岐阜県",
        "address1": "岐阜市",
        "address2": "外山",
        "is_multi_code": "0",
        "is_koaza": "0",
        "is_choume": "0",
        "is_multi_place": "0",
        "is_updated": "0",
        "update_reason": "0"
    }
]