[
    {
        "code": "21302",
        "postal_old": "50161",
        "postal_new": "5016001",
        "pref_kana": "ｷﾞﾌｹﾝ",
        "address1_kana": "ﾊｼﾏｸﾞﾝｷﾞﾅﾝﾁｮｳ",
        "address2_kana": "ｶﾐｲﾝｼﾞｷ",
        "pref": "岐阜県",
        "address1": "羽島郡岐南町",
        "address2": "上印食",
        "is_multi_code": "0",
        "is_koaza": "0",
        "is_choume": "1",
        "is_multi_place": "0",
        "is_updated": "0",
        "update_reason": "0"
    },
    {
        "code": "21302",
        "postal_old": "50161",
        "postal_new": "5016002",
        "pref_kana": "ｷﾞﾌｹﾝ",
        "address1_kana": "ﾊｼﾏｸﾞﾝｷﾞﾅﾝﾁｮｳ",
        "address2_kana": "ﾐﾔｹ",
        "pref": "岐阜県",
        "address1": "羽島郡岐南町",
        "address2": "三宅",
        "is_multi_code": "0",
        "is_koaza": "0",
        "is_choume": "1",
        "is_multi_place": "0",
        "is_updated": "0",
        "update_reason": "0"
    },
    {
        "code": "21302",
        "postal_old": "50161",
        "postal_new": "5016003",
        "pref_kana": "ｷﾞﾌｹﾝ",
        "address1_kana": "ﾊｼﾏｸﾞﾝｷﾞﾅﾝﾁｮｳ",
        "address2_kana": "ﾍｲｼﾞﾏ",
        "pref": "岐阜県",
        "address1": "羽島郡岐南町",
        "address2": "平島",
        "is_multi_code": "0",
        "is_koaza": "0",
        "is_choume": "1",
        "is_multi_place": "0",
        "is_updated": "0",
        "update_reason": "0"
    },
    {
        "code": "21302",
        "postal_old": "50161",
        "postal_new": "5016004",
        "pref_kana": "ｷﾞﾌｹﾝ",
        "address1_kana": "ﾊｼﾏｸﾞﾝｷﾞﾅﾝﾁｮｳ",
        "address2_kana": "ﾉﾅｶ",
        "pref": "岐阜県",
        "address1": "羽島郡岐南町",
        "address2": "野中",
        "is_multi_code": "0",
        "is_koaza": "0",
        "is_choume": "1",
        "is_multi_place": "0",
        "is_updated": "0",
        "update_reason": "0"
    },
    {
        "code": "21302",
        "postal_old": "50161",
        "postal_new": "5016005",
        "pref_kana": "ｷﾞﾌｹﾝ",
        "address1_kana": "ﾊｼﾏｸﾞﾝｷﾞﾅﾝﾁｮｳ",
        "address2_kana": "ﾜｶﾐﾔｼﾞ",
        "pref": "岐阜県",
        "address1": "羽島郡岐南町",
        "address2": "若宮地",
        "is_multi_code": "0",
        "is_koaza": "0",
        "is_choume": "1",
        "is_multi_place": "0",
        "is_updated": "0",
        "update_reason": "0"
    },
    {
        "code": "21302",
        "postal_old": "50161",
        "postal_new": "5016006",
        "pref_kana": "ｷﾞﾌｹﾝ",
        "address1_kana": "ﾊｼﾏｸﾞﾝｷﾞﾅﾝﾁｮｳ",
        "address2_kana": "ﾌｾﾔ",
        "pref": "岐阜県",
        "address1": "羽島郡岐南町",
        "address2": "伏屋",
        "is_multi_code": "0",
        "is_koaza": "0",
        "is_choume": "1",
        "is_multi_place": "0",
        "is_updated": "0",
        "update_reason": "0"
    },
    {
        "code": "21302",
        "postal_old": "50161",
        "postal_new": "5016011",
        "pref_kana": "ｷﾞﾌｹﾝ",
        "address1_kana": "ﾊｼﾏｸﾞﾝｷﾞﾅﾝﾁｮｳ",
        "address2_kana": "ﾔﾂﾙｷﾞｷﾀ",
        "pref": "岐阜県",
        "address1": "羽島郡岐南町",
        "address2": "八剣北",
        "is_multi_code": "0",
        "is_koaza": "0",
        "is_choume": "1",
        "is_multi_place": "0",
        "is_updated": "0",
        "update_reason": "0"
    },
    {
        "code": "21302",
        "postal_old": "50161",
        "postal_new": "5016012",
        "pref_kana": "ｷﾞﾌｹﾝ",
        "address1_kana": "ﾊｼﾏｸﾞﾝｷﾞﾅﾝﾁｮｳ",
        "address2_kana": "ﾔﾂﾙｷﾞ",
        "pref": "岐阜県",
        "address1": "羽島郡岐南町",
        "address2": "八剣",
        "is_multi_code": "0",
        "is_koaza": "0",
        "is_choume": "1",
        "is_multi_place": "0",
        "is_updated": "0",
        "update_reason": "0"
    },
    {
        "code": "21302",
        "postal_old": "50161",
        "postal_new": "5016013",
        "pref_kana": "ｷﾞﾌｹﾝ",
        "address1_kana": "ﾊｼﾏｸﾞﾝｷﾞﾅﾝﾁｮｳ",
        "address2_kana": "ﾍｲｾｲ",
        "pref": "岐阜県",
        "address1": "羽島郡岐南町",
        "address2": "平成",
        "is_multi_code": "0",
        "is_koaza": "0",
        "is_choume": "1",
        "is_multi_place": "0",
        "is_updated": "0",
        "update_reason": "0"
    },
    {
        "code": "21302",
        "postal_old": "50161",
        "postal_new": "5016014",
        "pref_kana": "ｷﾞﾌｹﾝ",
        "address1_kana": "ﾊｼﾏｸﾞﾝｷﾞﾅﾝﾁｮｳ",
        "address2_kana": "ﾔｸｼｼﾞ",
        "pref": "岐阜県",
        "address1": "羽島郡岐南町",
        "address2": "薬師寺",
        "is_multi_code": "0",
        "is_koaza": "0",
        "is_choume": "1",
        "is_multi_place": "0",
        "is_updated": "0",
        "update_reason": "0"
    },
    {
        "code": "21302",
        "postal_old": "50161",
        "postal_new": "5016015",
        "pref_kana": "ｷﾞﾌｹﾝ",
        "address1_kana": "ﾊｼﾏｸﾞﾝｷﾞﾅﾝﾁｮｳ",
        "address2_kana": "ｲｼﾊﾗｾ",
        "pref": "岐阜県",
        "address1": "羽島郡岐南町",
        "address2": "石原瀬",
        "is_multi_code": "0",
        "is_koaza": "0",
        "is_choume": "1",
        "is_multi_place": "0",
        "is_updated": "0",
        "update_reason": "0"
    },
    {
        "code": "21302",
        "postal_old": "50161",
        "postal_new": "5016016",
        "pref_kana": "ｷﾞﾌｹﾝ",
        "address1_kana": "ﾊｼﾏｸﾞﾝｷﾞﾅﾝﾁｮｳ",
        "address2_kana": "ﾄｸﾀﾞ",
        "pref": "岐阜県",
        "address1": "羽島郡岐南町",
        "address2": "徳田",
        "is_multi_code": "0",
        "is_koaza": "0",
        "is_choume": "1",
        "is_multi_place": "0",
        "is_updated": "0",
        "update_reason": "0"
    },
    {
        "code": "21302",
        "postal_old": "50161",
        "postal_new": "5016017",
        "pref_kana": "ｷﾞﾌｹﾝ",
        "address1_kana": "ﾊｼﾏｸﾞﾝｷﾞﾅﾝﾁｮｳ",
        "address2_kana": "ﾄｸﾀﾞﾆｼ",
        "pref": "岐阜県",
        "address1": "羽島郡岐南町",
        "address2": "徳田西",
        "is_multi_code": "0",
        "is_koaza": "0",
        "is_choume": "1",
        "is_multi_place": "0",
        "is_updated": "0",
        "update_reason": "0"
    },
    {
        "code": "21302",
        "postal_old": "50161",
        "postal_new": "5016018",
        "pref_kana": "ｷﾞﾌｹﾝ",
        "address1_kana": "ﾊｼﾏｸﾞﾝｷﾞﾅﾝﾁｮｳ",
        "address2_kana": "ｼﾓｲﾝｼﾞｷ",
        "pref": "岐阜県",
        "address1": "羽島郡岐南町",
        "address2": "下印食",
        "is_multi_code": "0",
        "is_koaza": "0",
        "is_choume": "1",
        "is_multi_place": "0",
        "is_updated": "0",
        "update_reason": "0"
    },
    {
        "code": "21302",
        "postal_old": "50161",
        "postal_new": "5016019",
        "pref_kana": "ｷﾞﾌｹﾝ",
        "address1_kana": "ﾊｼﾏｸﾞﾝｷﾞﾅﾝﾁｮｳ",
        "address2_kana": "ﾐﾔﾏﾁ",
        "pref": "岐阜県",
        "address1": "羽島郡岐南町",
        "address2": "みやまち",
        "is_multi_code": "0",
        "is_koaza": "0",
        "is_choume": "1",
        "is_multi_place": "0",
        "is_updated": "0",
        "update_reason": "0"
    },
    {
        "code": "21213",
        "postal_old": "50161",
        "postal_new": "5016021",
        "pref_kana": "ｷﾞﾌｹﾝ",
        "address1_kana": "ｶｶﾐｶﾞﾊﾗｼ",
        "address2_kana": "ｶﾜｼﾏｶｻﾀﾞﾏﾁ",
        "pref": "岐阜県",
        "address1": "各務原市",
        "address2": "川島笠田町",
        "is_multi_code": "0",
        "is_koaza": "0",
        "is_choume": "1",
        "is_multi_place": "0",
        "is_updated": "0",
        "update_reason": "0"
    },
    {
        "code": "21213",
        "postal_old": "50161",
        "postal_new": "5016022",
        "pref_kana": "ｷﾞﾌｹﾝ",
        "address1_kana": "ｶｶﾐｶﾞﾊﾗｼ",
        "address2_kana": "ｶﾜｼﾏﾏﾂｸﾗﾏﾁ",
        "pref": "岐阜県",
        "address1": "各務原市",
        "address2": "川島松倉町",
        "is_multi_code": "0",
        "is_koaza": "0",
        "is_choume": "0",
        "is_multi_place": "0",
        "is_updated": "0",
        "update_reason": "0"
    },
    {
        "code": "21213",
        "postal_old": "50161",
        "postal_new": "5016023",
        "pref_kana": "ｷﾞﾌｹﾝ",
        "address1_kana": "ｶｶﾐｶﾞﾊﾗｼ",
        "address2_kana": "ｶﾜｼﾏｺｱﾐﾏﾁ",
        "pref": "岐阜県",
        "address1": "各務原市",
        "address2": "川島小網町",
        "is_multi_code": "0",
        "is_koaza": "0",
        "is_choume": "0",
        "is_multi_place": "0",
        "is_updated": "0",
        "update_reason": "0"
    },
    {
        "code": "21213",
        "postal_old": "50161",
        "postal_new": "5016024",
        "pref_kana": "ｷﾞﾌｹﾝ",
        "address1_kana": "ｶｶﾐｶﾞﾊﾗｼ",
        "address2_kana": "ｶﾜｼﾏﾀｹﾊﾔﾏﾁ",
        "pref": "岐阜県",
        "address1": "各務原市",
        "address2": "川島竹早町",
        "is_multi_code": "0",
        "is_koaza": "0",
        "is_choume": "0",
        "is_multi_place": "0",
        "is_updated": "0",
        "update_reason": "0"
    },
    {
        "code": "21213",
        "postal_old": "50161",
        "postal_new": "5016025",
        "pref_kana": "ｷﾞﾌｹﾝ",
        "address1_kana": "ｶｶﾐｶﾞﾊﾗｼ",
        "address2_kana": "ｶﾜｼﾏｺｳﾀﾞﾏﾁ",
        "pref": "岐阜県",
        "address1": "各務原市",
        "address2": "川島河田町",
        "is_multi_code": "0",
        "is_koaza": "0",
        "is_choume": "0",
        "is_multi_place": "0",
        "is_updated": "0",
        "update_reason": "0"
    },
    {
        "code": "21213",
        "postal_old": "50161",
        "postal_new": "5016026",
        "pref_kana": "ｷﾞﾌｹﾝ",
        "address1_kana": "ｶｶﾐｶﾞﾊﾗｼ",
        "address2_kana": "ｶﾜｼﾏﾏﾂﾊﾞﾗﾏﾁ",
        "pref": "岐阜県",
        "address1": "各務原市",
        "address2": "川島松原町",
        "is_multi_code": "0",
        "is_koaza": "0",
        "is_choume": "0",
        "is_multi_place": "0",
        "is_updated": "0",
        "update_reason": "0"
    },
    {
        "code": "21213",
        "postal_old": "50161",
        "postal_new": "5016027",
        "pref_kana": "ｷﾞﾌｹﾝ",
        "address1_kana": "ｶｶﾐｶﾞﾊﾗｼ",
        "address2_kana": "ｶﾜｼﾏﾐﾄﾞﾘﾏﾁ",
        "pref": "岐阜県",
        "address1": "各務原市",
        "address2": "川島緑町",
        "is_multi_code": "0",
        "is_koaza": "0",
        "is_choume": "0",
        "is_multi_place": "0",
        "is_updated": "0",
        "update_reason": "0"
    },
    {
        "code": "21213",
        "postal_old": "50161",
        "postal_new": "5016028",
        "pref_kana": "ｷﾞﾌｹﾝ",
        "address1_kana": "ｶｶﾐｶﾞﾊﾗｼ",
        "address2_kana": "ｶﾜｼﾏﾜﾀﾘﾏﾁ",
        "pref": "岐阜県",
        "address1": "各務原市",
        "address2": "川島渡町",
        "is_multi_code": "0",
        "is_koaza": "0",
        "is_choume": "0",
        "is_multi_place": "0",
        "is_updated": "0",
        "update_reason": "0"
    },
    {
        "code": "21213",
        "postal_old": "50161",
        "postal_new": "5016029",
        "pref_kana": "ｷﾞﾌｹﾝ",
        "address1_kana": "ｶｶﾐｶﾞﾊﾗｼ",
        "address2_kana": "ｶﾜｼﾏｷﾀﾔﾏﾏﾁ",
        "pref": "岐阜県",
        "address1": "各務原市",
        "address2": "川島北山町",
        "is_multi_code": "0",
        "is_koaza": "0",
        "is_choume": "0",
        "is_multi_place": "0",
        "is_updated": "0",
        "update_reason": "0"
    },
    {
        "code": "21303",
        "postal_old": "50161",
        "postal_new": "5016031",
        "pref_kana": "ｷﾞﾌｹﾝ",
        "address1_kana": "ﾊｼﾏｸﾞﾝｶｻﾏﾂﾁｮｳ",
        "address2_kana": "ｺﾒﾉ",
        "pref": "岐阜県",
        "address1": "羽島郡笠松町",
        "address2": "米野",
        "is_multi_code": "0",
        "is_koaza": "0",
        "is_choume": "0",
        "is_multi_place": "0",
        "is_updated": "0",
        "update_reason": "0"
    },
    {
        "code": "21303",
        "postal_old": "50161",
        "postal_new": "5016032",
        "pref_kana": "ｷﾞﾌｹﾝ",
        "address1_kana": "ﾊｼﾏｸﾞﾝｶｻﾏﾂﾁｮｳ",
        "address2_kana": "ｴｶﾞﾜ",
        "pref": "岐阜県",
        "address1": "羽島郡笠松町",
        "address2": "江川",
        "is_multi_code": "0",
        "is_koaza": "0",
        "is_choume": "0",
        "is_multi_place": "0",
        "is_updated": "0",
        "update_reason": "0"
    },
    {
        "code": "21303",
        "postal_old": "50161",
        "postal_new": "5016033",
        "pref_kana": "ｷﾞﾌｹﾝ",
        "address1_kana": "ﾊｼﾏｸﾞﾝｶｻﾏﾂﾁｮｳ",
        "address2_kana": "ﾑﾄﾞｳｼﾞ",
        "pref": "岐阜県",
        "address1": "羽島郡笠松町",
        "address2": "無動寺",
        "is_multi_code": "0",
        "is_koaza": "0",
        "is_choume": "0",
        "is_multi_place": "0",
        "is_updated": "0",
        "update_reason": "0"
    },
    {
        "code": "21303",
        "postal_old": "50161",
        "postal_new": "5016034",
        "pref_kana": "ｷﾞﾌｹﾝ",
        "address1_kana": "ﾊｼﾏｸﾞﾝｶｻﾏﾂﾁｮｳ",
        "address2_kana": "ﾅｶﾉ",
        "pref": "岐阜県",
        "address1": "羽島郡笠松町",
        "address2": "中野",
        "is_multi_code": "0",
        "is_koaza": "0",
        "is_choume": "0",
        "is_multi_place": "0",
        "is_updated": "0",
        "update_reason": "0"
    },
    {
        "code": "21303",
        "postal_old": "50161",
        "postal_new": "5016035",
        "pref_kana": "ｷﾞﾌｹﾝ",
        "address1_kana": "ﾊｼﾏｸﾞﾝｶｻﾏﾂﾁｮｳ",
        "address2_kana": "ｴﾝｼﾞｮｳｼﾞ",
        "pref": "岐阜県",
        "address1": "羽島郡笠松町",
        "address2": "円城寺",
        "is_multi_code": "0",
        "is_koaza": "0",
        "is_choume": "0",
        "is_multi_place": "0",
        "is_updated": "0",
        "update_reason": "0"
    },
    {
        "code": "21303",
        "postal_old": "50161",
        "postal_new": "5016036",
        "pref_kana": "ｷﾞﾌｹﾝ",
        "address1_kana": "ﾊｼﾏｸﾞﾝｶｻﾏﾂﾁｮｳ",
        "address2_kana": "ﾜｶﾊﾞﾁｮｳ",
        "pref": "岐阜県",
        "address1": "羽島郡笠松町",
        "address2": "若葉町",
        "is_multi_code": "0",
        "is_koaza": "0",
        "is_choume": "0",
        "is_multi_place": "0",
        "is_updated": "0",
        "update_reason": "0"
    },
    {
        "code": "21303",
        "postal_old": "50161",
        "postal_new": "5016037",
        "pref_kana": "ｷﾞﾌｹﾝ",
        "address1_kana": "ﾊｼﾏｸﾞﾝｶｻﾏﾂﾁｮｳ",
        "address2_kana": "ﾆｼｶﾅｲｹﾁｮｳ",
        "pref": "岐阜県",
        "address1": "羽島郡笠松町",
        "address2": "西金池町",
        "is_multi_code": "0",
        "is_koaza": "0",
        "is_choume": "0",
        "is_multi_place": "0",
        "is_updated": "0",
        "update_reason": "0"
    },
    {
        "code": "21303",
        "postal_old": "50161",
        "postal_new": "5016038",
        "pref_kana": "ｷﾞﾌｹﾝ",
        "address1_kana": "ﾊｼﾏｸﾞﾝｶｻﾏﾂﾁｮｳ",
        "address2_kana": "ﾋｶﾞｼｶﾅｲｹﾁｮｳ",
        "pref": "岐阜県",
        "address1": "羽島郡笠松町",
        "address2": "東金池町",
        "is_multi_code": "0",
        "is_koaza": "0",
        "is_choume": "0",
        "is_multi_place": "0",
        "is_updated": "0",
        "update_reason": "0"
    },
    {
        "code": "21303",
        "postal_old": "50161",
        "postal_new": "5016041",
        "pref_kana": "ｷﾞﾌｹﾝ",
        "address1_kana": "ﾊｼﾏｸﾞﾝｶｻﾏﾂﾁｮｳ",
        "address2_kana": "ﾅﾗﾏﾁ",
        "pref": "岐阜県",
        "address1": "羽島郡笠松町",
        "address2": "奈良町",
        "is_multi_code": "0",
        "is_koaza": "0",
        "is_choume": "0",
        "is_multi_place": "0",
        "is_updated": "0",
        "update_reason": "0"
    },
    {
        "code": "21303",
        "postal_old": "50161",
        "postal_new": "5016042",
        "pref_kana": "ｷﾞﾌｹﾝ",
        "address1_kana": "ﾊｼﾏｸﾞﾝｶｻﾏﾂﾁｮｳ",
        "address2_kana": "ﾊﾁﾏﾝﾁｮｳ",
        "pref": "岐阜県",
        "address1": "羽島郡笠松町",
        "address2": "八幡町",
        "is_multi_code": "0",
        "is_koaza": "0",
        "is_choume": "0",
        "is_multi_place": "0",
        "is_updated": "0",
        "update_reason": "0"
    },
    {
        "code": "21303",
        "postal_old": "50161",
        "postal_new": "5016043",
        "pref_kana": "ｷﾞﾌｹﾝ",
        "address1_kana": "ﾊｼﾏｸﾞﾝｶｻﾏﾂﾁｮｳ",
        "address2_kana": "ｹﾝﾏﾁ",
        "pref": "岐阜県",
        "address1": "羽島郡笠松町",
        "address2": "県町",
        "is_multi_code": "0",
        "is_koaza": "0",
        "is_choume": "0",
        "is_multi_place": "0",
        "is_updated": "0",
        "update_reason": "0"
    },
    {
        "code": "21303",
        "postal_old": "50161",
        "postal_new": "5016044",
        "pref_kana": "ｷﾞﾌｹﾝ",
        "address1_kana": "ﾊｼﾏｸﾞﾝｶｻﾏﾂﾁｮｳ",
        "address2_kana": "ｱｲｵｲﾁｮｳ",
        "pref": "岐阜県",
        "address1": "羽島郡笠松町",
        "address2": "相生町",
        "is_multi_code": "0",
        "is_koaza": "0",
        "is_choume": "0",
        "is_multi_place": "0",
        "is_updated": "0",
        "update_reason": "0"
    },
    {
        "code": "21303",
        "postal_old": "50161",
        "postal_new": "5016045",
        "pref_kana": "ｷﾞﾌｹﾝ",
        "address1_kana": "ﾊｼﾏｸﾞﾝｶｻﾏﾂﾁｮｳ",
        "address2_kana": "ﾂｶｻﾏﾁ",
        "pref": "岐阜県",
        "address1": "羽島郡笠松町",
        "address2": "司町",
        "is_multi_code": "0",
        "is_koaza": "0",
        "is_choume": "0",
        "is_multi_place": "0",
        "is_updated": "0",
        "update_reason": "0"
    },
    {
        "code": "21303",
        "postal_old": "50161",
        "postal_new": "5016046",
        "pref_kana": "ｷﾞﾌｹﾝ",
        "address1_kana": "ﾊｼﾏｸﾞﾝｶｻﾏﾂﾁｮｳ",
        "address2_kana": "ﾐﾔｶﾞﾜﾁｮｳ",
        "pref": "岐阜県",
        "address1": "羽島郡笠松町",
        "address2": "宮川町",
        "is_multi_code": "0",
        "is_koaza": "0",
        "is_choume": "0",
        "is_multi_place": "0",
        "is_updated": "0",
        "update_reason": "0"
    },
    {
        "code": "21303",
        "postal_old": "50161",
        "postal_new": "5016047",
        "pref_kana": "ｷﾞﾌｹﾝ",
        "address1_kana": "ﾊｼﾏｸﾞﾝｶｻﾏﾂﾁｮｳ",
        "address2_kana": "ﾌﾀﾐﾁｮｳ",
        "pref": "岐阜県",
        "address1": "羽島郡笠松町",
        "address2": "二見町",
        "is_multi_code": "0",
        "is_koaza": "0",
        "is_choume": "0",
        "is_multi_place": "0",
        "is_updated": "0",
        "update_reason": "0"
    },
    {
        "code": "21303",
        "postal_old": "50161",
        "postal_new": "5016051",
        "pref_kana": "ｷﾞﾌｹﾝ",
        "address1_kana": "ﾊｼﾏｸﾞﾝｶｻﾏﾂﾁｮｳ",
        "address2_kana": "ｶﾐﾎﾝﾏﾁ",
        "pref": "岐阜県",
        "address1": "羽島郡笠松町",
        "address2": "上本町",
        "is_multi_code": "0",
        "is_koaza": "0",
        "is_choume": "0",
        "is_multi_place": "0",
        "is_updated": "0",
        "update_reason": "0"
    },
    {
        "code": "21303",
        "postal_old": "50161",
        "postal_new": "5016052",
        "pref_kana": "ｷﾞﾌｹﾝ",
        "address1_kana": "ﾊｼﾏｸﾞﾝｶｻﾏﾂﾁｮｳ",
        "address2_kana": "ｼﾓﾎﾝﾏﾁ",
        "pref": "岐阜県",
        "address1": "羽島郡笠松町",
        "address2": "下本町",
        "is_multi_code": "0",
        "is_koaza": "0",
        "is_choume": "0",
        "is_multi_place": "0",
        "is_updated": "0",
        "update_reason": "0"
    },
    {
        "code": "21303",
        "postal_old": "50161",
        "postal_new": "5016053",
        "pref_kana": "ｷﾞﾌｹﾝ",
        "address1_kana": "ﾊｼﾏｸﾞﾝｶｻﾏﾂﾁｮｳ",
        "address2_kana": "ﾐﾅﾄﾏﾁ",
        "pref": "岐阜県",
        "address1": "羽島郡笠松町",
        "address2": "港町",
        "is_multi_code": "0",
        "is_koaza": "0",
        "is_choume": "0",
        "is_multi_place": "0",
        "is_updated": "0",
        "update_reason": "0"
    },
    {
        "code": "21303",
        "postal_old": "50161",
        "postal_new": "5016054",
        "pref_kana": "ｷﾞﾌｹﾝ",
        "address1_kana": "ﾊｼﾏｸﾞﾝｶｻﾏﾂﾁｮｳ",
        "address2_kana": "ﾔﾅｷﾞﾊﾗﾁｮｳ",
        "pref": "岐阜県",
        "address1": "羽島郡笠松町",
        "address2": "柳原町",
        "is_multi_code": "0",
        "is_koaza": "0",
        "is_choume": "0",
        "is_multi_place": "0",
        "is_updated": "0",
        "update_reason": "0"
    },
    {
        "code": "21303",
        "postal_old": "50161",
        "postal_new": "5016055",
        "pref_kana": "ｷﾞﾌｹﾝ",
        "address1_kana": "ﾊｼﾏｸﾞﾝｶｻﾏﾂﾁｮｳ",
        "address2_kana": "ﾆｼﾏﾁ",
        "pref": "岐阜県",
        "address1": "羽島郡笠松町",
        "address2": "西町",
        "is_multi_code": "0",
        "is_koaza": "0",
        "is_choume": "0",
        "is_multi_place": "0",
        "is_updated": "0",
        "update_reason": "0"
    },
    {
        "code": "21303",
        "postal_old": "50161",
        "postal_new": "5016056",
        "pref_kana": "ｷﾞﾌｹﾝ",
        "address1_kana": "ﾊｼﾏｸﾞﾝｶｻﾏﾂﾁｮｳ",
        "address2_kana": "ｱｻﾋﾏﾁ",
        "pref": "岐阜県",
        "address1": "羽島郡笠松町",
        "address2": "朝日町",
        "is_multi_code": "0",
        "is_koaza": "0",
        "is_choume": "0",
        "is_multi_place": "0",
        "is_updated": "0",
        "update_reason": "0"
    },
    {
        "code": "21303",
        "postal_old": "50161",
        "postal_new": "5016057",
        "pref_kana": "ｷﾞﾌｹﾝ",
        "address1_kana": "ﾊｼﾏｸﾞﾝｶｻﾏﾂﾁｮｳ",
        "address2_kana": "ｼﾓﾔﾅｶﾞﾜﾁｮｳ",
        "pref": "岐阜県",
        "address1": "羽島郡笠松町",
        "address2": "下柳川町",
        "is_multi_code": "0",
        "is_koaza": "0",
        "is_choume": "0",
        "is_multi_place": "0",
        "is_updated": "0",
        "update_reason": "0"
    },
    {
        "code": "21303",
        "postal_old": "50161",
        "postal_new": "5016058",
        "pref_kana": "ｷﾞﾌｹﾝ",
        "address1_kana": "ﾊｼﾏｸﾞﾝｶｻﾏﾂﾁｮｳ",
        "address2_kana": "ｶﾐﾔﾅｶﾞﾜﾁｮｳ",
        "pref": "岐阜県",
        "address1": "羽島郡笠松町",
        "address2": "上柳川町",
        "is_multi_code": "0",
        "is_koaza": "0",
        "is_choume": "0",
        "is_multi_place": "0",
        "is_updated": "0",
        "update_reason": "0"
    },
    {
        "code": "21303",
        "postal_old": "50161",
        "postal_new": "5016059",
        "pref_kana": "ｷﾞﾌｹﾝ",
        "address1_kana": "ﾊｼﾏｸﾞﾝｶｻﾏﾂﾁｮｳ",
        "address2_kana": "ﾋｶﾞｼﾐﾔﾁｮｳ",
        "pref": "岐阜県",
        "address1": "羽島郡笠松町",
        "address2": "東宮町",
        "is_multi_code": "0",
        "is_koaza": "0",
        "is_choume": "0",
        "is_multi_place": "0",
        "is_updated": "0",
        "update_reason": "0"
    },
    {
        "code": "21303",
        "postal_old": "50161",
        "postal_new": "5016061",
        "pref_kana": "ｷﾞﾌｹﾝ",
        "address1_kana": "ﾊｼﾏｸﾞﾝｶｻﾏﾂﾁｮｳ",
        "address2_kana": "ｲｽﾞﾐﾏﾁ",
        "pref": "岐阜県",
        "address1": "羽島郡笠松町",
        "address2": "泉町",
        "is_multi_code": "0",
        "is_koaza": "0",
        "is_choume": "0",
        "is_multi_place": "0",
        "is_updated": "0",
        "update_reason": "0"
    },
    {
        "code": "21303",
        "postal_old": "50161",
        "postal_new": "5016062",
        "pref_kana": "ｷﾞﾌｹﾝ",
        "address1_kana": "ﾊｼﾏｸﾞﾝｶｻﾏﾂﾁｮｳ",
        "address2_kana": "ﾃﾞﾝﾀﾞｲ",
        "pref": "岐阜県",
        "address1": "羽島郡笠松町",
        "address2": "田代",
        "is_multi_code": "0",
        "is_koaza": "0",
        "is_choume": "0",
        "is_multi_place": "0",
        "is_updated": "0",
        "update_reason": "0"
    },
    {
        "code": "21303",
        "postal_old": "50161",
        "postal_new": "5016063",
        "pref_kana": "ｷﾞﾌｹﾝ",
        "address1_kana": "ﾊｼﾏｸﾞﾝｶｻﾏﾂﾁｮｳ",
        "address2_kana": "ﾅｶﾞｲｹ",
        "pref": "岐阜県",
        "address1": "羽島郡笠松町",
        "address2": "長池",
        "is_multi_code": "0",
        "is_koaza": "0",
        "is_choume": "0",
        "is_multi_place": "0",
        "is_updated": "0",
        "update_reason": "0"
    },
    {
        "code": "21303",
        "postal_old": "50161",
        "postal_new": "5016064",
        "pref_kana": "ｷﾞﾌｹﾝ",
        "address1_kana": "ﾊｼﾏｸﾞﾝｶｻﾏﾂﾁｮｳ",
        "address2_kana": "ｷﾀｵﾖﾋﾞ",
        "pref": "岐阜県",
        "address1": "羽島郡笠松町",
        "address2": "北及",
        "is_multi_code": "0",
        "is_koaza": "0",
        "is_choume": "0",
        "is_multi_place": "0",
        "is_updated": "0",
        "update_reason": "0"
    },
    {
        "code": "21303",
        "postal_old": "50161",
        "postal_new": "5016065",
        "pref_kana": "ｷﾞﾌｹﾝ",
        "address1_kana": "ﾊｼﾏｸﾞﾝｶｻﾏﾂﾁｮｳ",
        "address2_kana": "ｶﾄﾞﾏ",
        "pref": "岐阜県",
        "address1": "羽島郡笠松町",
        "address2": "門間",
        "is_multi_code": "0",
        "is_koaza": "0",
        "is_choume": "0",
        "is_multi_place": "0",
        "is_updated": "0",
        "update_reason": "0"
    },
    {
        "code": "21303",
        "postal_old": "50161",
        "postal_new": "5016071",
        "pref_kana": "ｷﾞﾌｹﾝ",
        "address1_kana": "ﾊｼﾏｸﾞﾝｶｻﾏﾂﾁｮｳ",
        "address2_kana": "ｶﾐｼﾝﾏﾁ",
        "pref": "岐阜県",
        "address1": "羽島郡笠松町",
        "address2": "上新町",
        "is_multi_code": "0",
        "is_koaza": "0",
        "is_choume": "0",
        "is_multi_place": "0",
        "is_updated": "0",
        "update_reason": "0"
    },
    {
        "code": "21303",
        "postal_old": "50161",
        "postal_new": "5016072",
        "pref_kana": "ｷﾞﾌｹﾝ",
        "address1_kana": "ﾊｼﾏｸﾞﾝｶｻﾏﾂﾁｮｳ",
        "address2_kana": "ﾅｶｼﾝﾏﾁ",
        "pref": "岐阜県",
        "address1": "羽島郡笠松町",
        "address2": "中新町",
        "is_multi_code": "0",
        "is_koaza": "0",
        "is_choume": "0",
        "is_multi_place": "0",
        "is_updated": "0",
        "update_reason": "0"
    },
    {
        "code": "21303",
        "postal_old": "50161",
        "postal_new": "5016073",
        "pref_kana": "ｷﾞﾌｹﾝ",
        "address1_kana": "ﾊｼﾏｸﾞﾝｶｻﾏﾂﾁｮｳ",
        "address2_kana": "ｼﾓｼﾝﾏﾁ",
        "pref": "岐阜県",
        "address1": "羽島郡笠松町",
        "address2": "下新町",
        "is_multi_code": "0",
        "is_koaza": "0",
        "is_choume": "0",
        "is_multi_place": "0",
        "is_updated": "0",
        "update_reason": "0"
    },
    {
        "code": "21303",
        "postal_old": "50161",
        "postal_new": "5016074",
        "pref_kana": "ｷﾞﾌｹﾝ",
        "address1_kana": "ﾊｼﾏｸﾞﾝｶｻﾏﾂﾁｮｳ",
        "address2_kana": "ｼﾝﾏﾁ",
        "pref": "岐阜県",
        "address1": "羽島郡笠松町",
        "address2": "新町",
        "is_multi_code": "0",
        "is_koaza": "0",
        "is_choume": "0",
        "is_multi_place": "0",
        "is_updated": "0",
        "update_reason": "0"
    },
    {
        "code": "21303",
        "postal_old": "50161",
        "postal_new": "5016075",
        "pref_kana": "ｷﾞﾌｹﾝ",
        "address1_kana": "ﾊｼﾏｸﾞﾝｶｻﾏﾂﾁｮｳ",
        "address2_kana": "ﾆｼﾐﾔﾁｮｳ",
        "pref": "岐阜県",
        "address1": "羽島郡笠松町",
        "address2": "西宮町",
        "is_multi_code": "0",
        "is_koaza": "0",
        "is_choume": "0",
        "is_multi_place": "0",
        "is_updated": "0",
        "update_reason": "0"
    },
    {
        "code": "21303",
        "postal_old": "50161",
        "postal_new": "5016076",
        "pref_kana": "ｷﾞﾌｹﾝ",
        "address1_kana": "ﾊｼﾏｸﾞﾝｶｻﾏﾂﾁｮｳ",
        "address2_kana": "ﾓﾝｾﾞﾝﾁｮｳ",
        "pref": "岐阜県",
        "address1": "羽島郡笠松町",
        "address2": "門前町",
        "is_multi_code": "0",
        "is_koaza": "0",
        "is_choume": "0",
        "is_multi_place": "0",
        "is_updated": "0",
        "update_reason": "0"
    },
    {
        "code": "21303",
        "postal_old": "50161",
        "postal_new": "5016077",
        "pref_kana": "ｷﾞﾌｹﾝ",
        "address1_kana": "ﾊｼﾏｸﾞﾝｶｻﾏﾂﾁｮｳ",
        "address2_kana": "ﾃﾝﾉｳﾁｮｳ",
        "pref": "岐阜県",
        "address1": "羽島郡笠松町",
        "address2": "天王町",
        "is_multi_code": "0",
        "is_koaza": "0",
        "is_choume": "0",
        "is_multi_place": "0",
        "is_updated": "0",
        "update_reason": "0"
    },
    {
        "code": "21303",
        "postal_old": "50161",
        "postal_new": "5016081",
        "pref_kana": "ｷﾞﾌｹﾝ",
        "address1_kana": "ﾊｼﾏｸﾞﾝｶｻﾏﾂﾁｮｳ",
        "address2_kana": "ﾄｳﾖｳﾁｮｳ",
        "pref": "岐阜県",
        "address1": "羽島郡笠松町",
        "address2": "東陽町",
        "is_multi_code": "0",
        "is_koaza": "0",
        "is_choume": "0",
        "is_multi_place": "0",
        "is_updated": "0",
        "update_reason": "0"
    },
    {
        "code": "21303",
        "postal_old": "50161",
        "postal_new": "5016082",
        "pref_kana": "ｷﾞﾌｹﾝ",
        "address1_kana": "ﾊｼﾏｸﾞﾝｶｻﾏﾂﾁｮｳ",
        "address2_kana": "ｶｽｶﾞﾁｮｳ",
        "pref": "岐阜県",
        "address1": "羽島郡笠松町",
        "address2": "春日町",
        "is_multi_code": "0",
        "is_koaza": "0",
        "is_choume": "0",
        "is_multi_place": "0",
        "is_updated": "0",
        "update_reason": "0"
    },
    {
        "code": "21303",
        "postal_old": "50161",
        "postal_new": "5016083",
        "pref_kana": "ｷﾞﾌｹﾝ",
        "address1_kana": "ﾊｼﾏｸﾞﾝｶｻﾏﾂﾁｮｳ",
        "address2_kana": "ﾄｷﾜﾁｮｳ",
        "pref": "岐阜県",
        "address1": "羽島郡笠松町",
        "address2": "常盤町",
        "is_multi_code": "0",
        "is_koaza": "0",
        "is_choume": "0",
        "is_multi_place": "0",
        "is_updated": "0",
        "update_reason": "0"
    },
    {
        "code": "21303",
        "postal_old": "50161",
        "postal_new": "5016084",
        "pref_kana": "ｷﾞﾌｹﾝ",
        "address1_kana": "ﾊｼﾏｸﾞﾝｶｻﾏﾂﾁｮｳ",
        "address2_kana": "ｷｻﾗｷﾞﾁｮｳ",
        "pref": "岐阜県",
        "address1": "羽島郡笠松町",
        "address2": "如月町",
        "is_multi_code": "0",
        "is_koaza": "0",
        "is_choume": "0",
        "is_multi_place": "0",
        "is_updated": "0",
        "update_reason": "0"
    },
    {
        "code": "21303",
        "postal_old": "50161",
        "postal_new": "5016085",
        "pref_kana": "ｷﾞﾌｹﾝ",
        "address1_kana": "ﾊｼﾏｸﾞﾝｶｻﾏﾂﾁｮｳ",
        "address2_kana": "ﾔﾖｲﾁｮｳ",
        "pref": "岐阜県",
        "address1": "羽島郡笠松町",
        "address2": "弥生町",
        "is_multi_code": "0",
        "is_koaza": "0",
        "is_choume": "0",
        "is_multi_place": "0",
        "is_updated": "0",
        "update_reason": "0"
    },
    {
        "code": "21303",
        "postal_old": "50161",
        "postal_new": "5016086",
        "pref_kana": "ｷﾞﾌｹﾝ",
        "address1_kana": "ﾊｼﾏｸﾞﾝｶｻﾏﾂﾁｮｳ",
        "address2_kana": "ｷﾖｽﾞﾐﾁｮｳ",
        "pref": "岐阜県",
        "address1": "羽島郡笠松町",
        "address2": "清住町",
        "is_multi_code": "0",
        "is_koaza": "0",
        "is_choume": "0",
        "is_multi_place": "0",
        "is_updated": "0",
        "update_reason": "0"
    },
    {
        "code": "21303",
        "postal_old": "50161",
        "postal_new": "5016087",
        "pref_kana": "ｷﾞﾌｹﾝ",
        "address1_kana": "ﾊｼﾏｸﾞﾝｶｻﾏﾂﾁｮｳ",
        "address2_kana": "ｵｵｲｹﾁｮｳ",
        "pref": "岐阜県",
        "address1": "羽島郡笠松町",
        "address2": "大池町",
        "is_multi_code": "0",
        "is_koaza": "0",
        "is_choume": "0",
        "is_multi_place": "0",
        "is_updated": "0",
        "update_reason": "0"
    },
    {
        "code": "21303",
        "postal_old": "50161",
        "postal_new": "5016088",
        "pref_kana": "ｷﾞﾌｹﾝ",
        "address1_kana": "ﾊｼﾏｸﾞﾝｶｻﾏﾂﾁｮｳ",
        "address2_kana": "ﾐｶｻﾄﾞｵﾘ",
        "pref": "岐阜県",
        "address1": "羽島郡笠松町",
        "address2": "美笠通",
        "is_multi_code": "0",
        "is_koaza": "0",
        "is_choume": "1",
        "is_multi_place": "0",
        "is_updated": "0",
        "update_reason": "0"
    },
    {
        "code": "21303",
        "postal_old": "50161",
        "postal_new": "5016091",
        "pref_kana": "ｷﾞﾌｹﾝ",
        "address1_kana": "ﾊｼﾏｸﾞﾝｶｻﾏﾂﾁｮｳ",
        "address2_kana": "ｼｮｳｴｲﾁｮｳ",
        "pref": "岐阜県",
        "address1": "羽島郡笠松町",
        "address2": "松栄町",
        "is_multi_code": "0",
        "is_koaza": "0",
        "is_choume": "0",
        "is_multi_place": "0",
        "is_updated": "0",
        "update_reason": "0"
    },
    {
        "code": "21303",
        "postal_old": "50161",
        "postal_new": "5016092",
        "pref_kana": "ｷﾞﾌｹﾝ",
        "address1_kana": "ﾊｼﾏｸﾞﾝｶｻﾏﾂﾁｮｳ",
        "address2_kana": "ﾂｷﾐﾁｮｳ",
        "pref": "岐阜県",
        "address1": "羽島郡笠松町",
        "address2": "月美町",
        "is_multi_code": "0",
        "is_koaza": "0",
        "is_choume": "0",
        "is_multi_place": "0",
        "is_updated": "0",
        "update_reason": "0"
    },
    {
        "code": "21303",
        "postal_old": "50161",
        "postal_new": "5016093",
        "pref_kana": "ｷﾞﾌｹﾝ",
        "address1_kana": "ﾊｼﾏｸﾞﾝｶｻﾏﾂﾁｮｳ",
        "address2_kana": "ﾐﾄﾞﾘﾏﾁ",
        "pref": "岐阜県",
        "address1": "羽島郡笠松町",
        "address2": "緑町",
        "is_multi_code": "0",
        "is_koaza": "0",
        "is_choume": "0",
        "is_multi_place": "0",
        "is_updated": "0",
        "update_reason": "0"
    },
    {
        "code": "21303",
        "postal_old": "50161",
        "postal_new": "5016094",
        "pref_kana": "ｷﾞﾌｹﾝ",
        "address1_kana": "ﾊｼﾏｸﾞﾝｶｻﾏﾂﾁｮｳ",
        "address2_kana": "ﾊｺﾞﾛﾓﾁｮｳ",
        "pref": "岐阜県",
        "address1": "羽島郡笠松町",
        "address2": "羽衣町",
        "is_multi_code": "0",
        "is_koaza": "0",
        "is_choume": "0",
        "is_multi_place": "0",
        "is_updated": "0",
        "update_reason": "0"
    },
    {
        "code": "21303",
        "postal_old": "50161",
        "postal_new": "5016095",
        "pref_kana": "ｷﾞﾌｹﾝ",
        "address1_kana": "ﾊｼﾏｸﾞﾝｶｻﾏﾂﾁｮｳ",
        "address2_kana": "ﾅｶｶﾞﾜﾁｮｳ",
        "pref": "岐阜県",
        "address1": "羽島郡笠松町",
        "address2": "中川町",
        "is_multi_code": "0",
        "is_koaza": "0",
        "is_choume": "0",
        "is_multi_place": "0",
        "is_updated": "0",
        "update_reason": "0"
    },
    {
        "code": "21303",
        "postal_old": "50161",
        "postal_new": "5016096",
        "pref_kana": "ｷﾞﾌｹﾝ",
        "address1_kana": "ﾊｼﾏｸﾞﾝｶｻﾏﾂﾁｮｳ",
        "address2_kana": "ﾕｳﾗｸﾁｮｳ",
        "pref": "岐阜県",
        "address1": "羽島郡笠松町",
        "address2": "友楽町",
        "is_multi_code": "0",
        "is_koaza": "0",
        "is_choume": "0",
        "is_multi_place": "0",
        "is_updated": "0",
        "update_reason": "0"
    },
    {
        "code": "21303",
        "postal_old": "50161",
        "postal_new": "5016097",
        "pref_kana": "ｷﾞﾌｹﾝ",
        "address1_kana": "ﾊｼﾏｸﾞﾝｶｻﾏﾂﾁｮｳ",
        "address2_kana": "ﾋｻｺﾞﾁｮｳ",
        "pref": "岐阜県",
        "address1": "羽島郡笠松町",
        "address2": "瓢町",
        "is_multi_code": "0",
        "is_koaza": "0",
        "is_choume": "0",
        "is_multi_place": "0",
        "is_updated": "0",
        "update_reason": "0"
    },
    {
        "code": "21303",
        "postal_old": "50161",
        "postal_new": "5016098",
        "pref_kana": "ｷﾞﾌｹﾝ",
        "address1_kana": "ﾊｼﾏｸﾞﾝｶｻﾏﾂﾁｮｳ",
        "address2_kana": "ｻｸﾗﾏﾁ",
        "pref": "岐阜県",
        "address1": "羽島郡笠松町",
        "address2": "桜町",
        "is_multi_code": "0",
        "is_koaza": "0",
        "is_choume": "0",
        "is_multi_place": "0",
        "is_updated": "0",
        "update_reason": "0"
    }
]